{"stats":{"minecraft:mined":{"minecraft:torch":1,"minecraft:crafting_table":3,"minecraft:glow_lichen":1,"minecraft:granite":16,"minecraft:calcite":2,"minecraft:cobblestone":1,"minecraft:diorite":1,"minecraft:wall_torch":3,"minecraft:amethyst_block":1,"minecraft:furnace":3,"minecraft:iron_ore":54,"minecraft:andesite":4,"treechop:chopped_log":1,"minecraft:coal_ore":18,"minecraft:dirt":2,"minecraft:smooth_basalt":2,"minecraft:stone":64},"minecraft:picked_up":{"minecraft:wooden_axe":1,"minecraft:crafting_table":1,"minecraft:andesite":4,"minecraft:oak_log":19,"gravestone:obituary":1,"minecraft:gunpowder":2,"minecraft:amethyst_block":1,"minecraft:dirt":2,"minecraft:string":2,"minecraft:cooked_mutton":3,"minecraft:bone":3,"minecraft:apple":1,"minecraft:bow":1,"minecraft:stone_pickaxe":1,"minecraft:calcite":2,"minecraft:iron_pickaxe":1,"minecraft:furnace":2,"minecraft:stick":2,"minecraft:raw_iron":52,"minecraft:smooth_basalt":2,"minecraft:torch":4,"minecraft:diorite":1,"minecraft:rotten_flesh":4,"minecraft:granite":15,"minecraft:oak_sapling":10,"minecraft:mutton":6,"minecraft:coal":31,"minecraft:white_wool":1,"minecraft:cobblestone":66},"minecraft:dropped":{"minecraft:cooked_beef":3,"minecraft:cooked_porkchop":2,"minecraft:apple":1,"minecraft:shield":1,"minecraft:iron_chestplate":1,"minecraft:wooden_axe":1,"minecraft:oak_sapling":1,"minecraft:iron_leggings":1,"minecraft:stone_pickaxe":1,"minecraft:iron_pickaxe":1,"minecraft:white_wool":1},"minecraft:killed":{"animalium:wild_dog":1,"minecraft:spider":1,"minecraft:creeper":2,"minecraft:skeleton":2,"minecraft:sheep":1,"minecraft:zombie":8},"minecraft:used":{"minecraft:cooked_mutton":4,"minecraft:stone_pickaxe":93,"minecraft:oak_planks":34,"minecraft:torch":5,"minecraft:dirt":1,"minecraft:mutton":1,"minecraft:crafting_table":1,"minecraft:granite":3,"minecraft:wooden_axe":27,"minecraft:iron_axe":28,"minecraft:iron_pickaxe":80,"minecraft:cobblestone":2,"minecraft:furnace":1,"minecraft:cooked_porkchop":5,"alexsmobs:animal_dictionary":2},"minecraft:custom":{"minecraft:interact_with_furnace":43,"minecraft:mob_kills":15,"minecraft:interact_with_crafting_table":10,"minecraft:time_since_death":39355,"minecraft:time_since_rest":39355,"minecraft:sprint_one_cm":48951,"minecraft:damage_taken":879,"minecraft:walk_one_cm":105589,"minecraft:drop":13,"minecraft:damage_dealt":2428,"minecraft:swim_one_cm":8351,"minecraft:fly_one_cm":99800,"minecraft:crouch_one_cm":9339,"minecraft:play_time":39355,"minecraft:sneak_time":3491,"minecraft:walk_under_water_one_cm":2116,"minecraft:jump":678,"minecraft:walk_on_water_one_cm":8102,"minecraft:total_world_time":39355,"minecraft:fall_one_cm":19945},"minecraft:crafted":{"minecraft:cooked_beef":3,"minecraft:oak_planks":76,"minecraft:cooked_porkchop":7,"minecraft:crafting_table":1,"minecraft:cooked_mutton":2,"minecraft:air":0,"minecraft:iron_chestplate":2,"minecraft:shield":2,"minecraft:iron_axe":1,"minecraft:stick":12,"minecraft:iron_ingot":59,"minecraft:iron_pickaxe":1,"minecraft:stone_pickaxe":1,"minecraft:wooden_axe":1,"minecraft:iron_leggings":2,"minecraft:torch":8}},"DataVersion":3465}