{"stats":{"minecraft:mined":{"minecraft:tuff":6,"minecraft:spruce_planks":4,"minecraft:white_bed":1,"iceandfire:silver_ore":5,"minecraft:deepslate_diamond_ore":10,"minecraft:glow_lichen":1,"gravestone:gravestone":1,"minecraft:granite":18,"minecraft:grass_block":96,"minecraft:furnace":5,"minecraft:iron_ore":82,"minecraft:andesite":8,"treechop:chopped_log":27,"minecraft:deepslate_lapis_ore":3,"minecraft:deepslate_iron_ore":10,"minecraft:stripped_oak_log":1,"ecologics:walnut_log":2,"minecraft:stone":85,"minecraft:brown_mushroom":1,"minecraft:dandelion":1,"minecraft:crafting_table":4,"minecraft:torch":3,"minecraft:calcite":2,"minecraft:poppy":3,"ecologics:walnut_leaves":1,"minecraft:cobblestone":6,"minecraft:deepslate_gold_ore":15,"minecraft:lapis_ore":3,"minecraft:diorite":11,"minecraft:wall_torch":8,"minecraft:amethyst_block":1,"minecraft:purple_bed":1,"minecraft:cobblestone_wall":1,"minecraft:spruce_log":16,"minecraft:grass":25,"minecraft:coal_ore":18,"minecraft:oak_log":12,"minecraft:dirt":2,"minecraft:smooth_basalt":2,"minecraft:oak_leaves":5,"minecraft:deepslate":21},"minecraft:killed_by":{"minecraft:zombie":1},"minecraft:picked_up":{"minecraft:wooden_axe":1,"minecraft:crafting_table":2,"minecraft:chicken":4,"minecraft:brown_mushroom":2,"gravestone:obituary":1,"minecraft:amethyst_block":1,"minecraft:string":2,"minecraft:iron_axe":1,"ecologics:walnut_sapling":2,"minecraft:cobbled_deepslate":23,"minecraft:spruce_planks":3,"minecraft:calcite":2,"minecraft:poppy":4,"minecraft:iron_pickaxe":4,"minecraft:birch_sapling":2,"minecraft:furnace":4,"minecraft:raw_iron":90,"minecraft:stick":41,"ecologics:walnut_log":3,"minecraft:torch":11,"minecraft:porkchop":12,"minecraft:diorite":8,"minecraft:rotten_flesh":8,"animalium:rat_meat":1,"minecraft:mutton":6,"minecraft:white_wool":1,"minecraft:cobblestone":89,"minecraft:birch_log":5,"ecologics:walnut":7,"minecraft:feather":10,"minecraft:andesite":8,"minecraft:tuff":6,"minecraft:oak_log":139,"minecraft:gunpowder":2,"minecraft:cobblestone_wall":1,"minecraft:lapis_lazuli":48,"minecraft:dirt":107,"minecraft:cooked_mutton":3,"minecraft:bone":8,"minecraft:apple":6,"minecraft:bow":1,"minecraft:wheat_seeds":9,"minecraft:raw_gold":15,"minecraft:stone_pickaxe":1,"minecraft:smooth_basalt":2,"minecraft:cooked_porkchop":5,"minecraft:dandelion":1,"minecraft:spruce_sapling":7,"minecraft:white_bed":1,"minecraft:spruce_log":64,"minecraft:spider_eye":4,"minecraft:purple_bed":1,"minecraft:diamond":9,"minecraft:granite":17,"minecraft:oak_sapling":64,"minecraft:coal":50,"iceandfire:raw_silver":5},"minecraft:dropped":{"minecraft:iron_ingot":4,"minecraft:brown_mushroom":1,"minecraft:cooked_beef":3,"minecraft:oak_log":16,"minecraft:cooked_porkchop":2,"minecraft:apple":1,"minecraft:granite":12,"minecraft:wooden_axe":1,"minecraft:iron_leggings":1,"minecraft:iron_pickaxe":1,"minecraft:string":2,"minecraft:white_wool":1,"minecraft:spruce_sapling":7,"minecraft:bone":1,"minecraft:cobblestone_wall":1,"minecraft:poppy":3,"minecraft:shield":1,"minecraft:gunpowder":2,"minecraft:iron_chestplate":1,"minecraft:oak_sapling":1,"minecraft:spider_eye":2,"minecraft:stone_pickaxe":1,"mca:matchmakers_ring":2},"minecraft:killed":{"animalium:wild_dog":1,"minecraft:spider":5,"animalium:rat":1,"minecraft:skeleton":2,"minecraft:chicken":6,"minecraft:pig":6,"minecraft:creeper":3,"minecraft:sheep":1,"minecraft:zombie":11,"mca:female_villager":1},"minecraft:used":{"minecraft:iron_shovel":75,"minecraft:spruce_planks":46,"minecraft:cooked_chicken":1,"minecraft:torch":17,"minecraft:dirt":1,"minecraft:mutton":1,"minecraft:tuff":4,"minecraft:granite":5,"minecraft:wooden_axe":27,"minecraft:iron_axe":295,"minecraft:smooth_basalt":2,"minecraft:furnace":3,"minecraft:cooked_mutton":5,"minecraft:diorite":3,"minecraft:stone_pickaxe":93,"minecraft:oak_planks":34,"minecraft:crafting_table":2,"minecraft:white_bed":1,"minecraft:oak_log":21,"minecraft:apple":5,"minecraft:iron_pickaxe":230,"minecraft:stone_axe":12,"minecraft:cobblestone":86,"minecraft:purple_bed":1,"minecraft:cooked_porkchop":14,"minecraft:porkchop":1,"alexsmobs:animal_dictionary":2},"minecraft:custom":{"minecraft:mob_kills":37,"minecraft:interact_with_crafting_table":21,"minecraft:time_since_death":3343,"minecraft:sprint_one_cm":184095,"minecraft:walk_one_cm":400853,"minecraft:drop":31,"minecraft:talked_to_villager":1,"minecraft:play_time":129355,"minecraft:deaths":1,"minecraft:sneak_time":8595,"minecraft:walk_under_water_one_cm":5460,"minecraft:boat_one_cm":21999,"minecraft:jump":2147,"minecraft:walk_on_water_one_cm":12651,"minecraft:total_world_time":129355,"minecraft:interact_with_furnace":62,"minecraft:sleep_in_bed":5,"minecraft:time_since_rest":3369,"minecraft:damage_taken":1920,"minecraft:damage_dealt":4818,"minecraft:swim_one_cm":29862,"minecraft:fly_one_cm":410854,"minecraft:open_chest":21,"minecraft:crouch_one_cm":25130,"minecraft:fall_one_cm":57557},"minecraft:crafted":{"minecraft:oak_planks":76,"minecraft:cooked_chicken":1,"minecraft:cooked_mutton":2,"minecraft:iron_boots":1,"minecraft:iron_axe":3,"minecraft:stone_pickaxe":1,"mca:matchmakers_ring":2,"minecraft:cooked_beef":3,"minecraft:cooked_porkchop":13,"minecraft:crafting_table":1,"minecraft:spruce_planks":128,"minecraft:air":0,"minecraft:iron_chestplate":2,"minecraft:shield":2,"minecraft:stick":12,"minecraft:iron_ingot":59,"minecraft:iron_pickaxe":3,"minecraft:wooden_axe":1,"minecraft:iron_shovel":1,"minecraft:iron_leggings":2,"minecraft:torch":8}},"DataVersion":3465}