{"stats":{"minecraft:mined":{"minecraft:tuff":6,"minecraft:spruce_planks":4,"minecraft:white_bed":1,"iceandfire:silver_ore":5,"minecraft:deepslate_diamond_ore":10,"minecraft:glow_lichen":1,"gravestone:gravestone":1,"minecraft:granite":18,"minecraft:grass_block":96,"minecraft:furnace":5,"minecraft:iron_ore":82,"minecraft:andesite":8,"treechop:chopped_log":27,"minecraft:deepslate_lapis_ore":3,"minecraft:deepslate_iron_ore":10,"minecraft:stripped_oak_log":1,"ecologics:walnut_log":2,"minecraft:stone":85,"minecraft:deepslate_redstone_ore":1,"minecraft:brown_mushroom":1,"minecraft:dandelion":1,"minecraft:crafting_table":4,"minecraft:torch":5,"minecraft:calcite":2,"minecraft:poppy":3,"ecologics:walnut_leaves":1,"minecraft:cobblestone":6,"minecraft:deepslate_gold_ore":18,"minecraft:lapis_ore":3,"minecraft:diorite":11,"minecraft:wall_torch":9,"minecraft:amethyst_block":1,"mca:cross_headstone":2,"minecraft:purple_bed":1,"minecraft:cobblestone_wall":1,"minecraft:spruce_log":16,"minecraft:grass":25,"minecraft:coal_ore":18,"minecraft:oak_log":12,"minecraft:gravel":1,"minecraft:dirt":2,"minecraft:smooth_basalt":2,"minecraft:oak_leaves":5,"minecraft:deepslate":21},"minecraft:killed_by":{"minecraft:zombie":1},"minecraft:picked_up":{"minecraft:wooden_axe":1,"minecraft:crafting_table":2,"minecraft:wheat":2,"minecraft:chicken":4,"minecraft:brown_mushroom":2,"gravestone:obituary":1,"minecraft:amethyst_block":1,"minecraft:string":2,"minecraft:iron_axe":2,"minecraft:beetroot":3,"ecologics:walnut_sapling":2,"minecraft:cobbled_deepslate":23,"minecraft:spruce_planks":3,"minecraft:calcite":2,"minecraft:poppy":4,"minecraft:iron_pickaxe":4,"minecraft:spruce_slab":1,"minecraft:birch_sapling":2,"minecraft:furnace":4,"minecraft:raw_iron":90,"minecraft:stick":41,"ecologics:walnut_log":3,"minecraft:torch":13,"minecraft:porkchop":12,"minecraft:diorite":8,"minecraft:carrot":8,"minecraft:rotten_flesh":9,"animalium:rat_meat":1,"minecraft:mutton":6,"minecraft:white_wool":1,"minecraft:cobblestone":99,"minecraft:birch_log":5,"ecologics:walnut":7,"minecraft:feather":10,"minecraft:andesite":8,"minecraft:potato":11,"minecraft:tuff":6,"minecraft:oak_log":139,"minecraft:gunpowder":2,"minecraft:cobblestone_wall":1,"minecraft:lapis_lazuli":48,"minecraft:dirt":107,"minecraft:cooked_mutton":3,"minecraft:bone":10,"minecraft:apple":6,"minecraft:bow":1,"minecraft:wheat_seeds":25,"minecraft:raw_gold":18,"minecraft:stone_pickaxe":1,"minecraft:bamboo":4,"minecraft:smooth_basalt":2,"minecraft:cooked_porkchop":5,"minecraft:dandelion":1,"minecraft:spruce_sapling":7,"minecraft:white_bed":1,"minecraft:spruce_log":64,"minecraft:spider_eye":4,"minecraft:purple_bed":1,"minecraft:diamond":15,"minecraft:granite":17,"minecraft:bread":1,"minecraft:oak_sapling":64,"minecraft:coal":50,"iceandfire:raw_silver":6},"minecraft:dropped":{"minecraft:iron_ingot":4,"iceandfire:raw_silver":1,"minecraft:brown_mushroom":1,"minecraft:cooked_beef":3,"minecraft:oak_log":16,"minecraft:diamond":6,"minecraft:cooked_porkchop":2,"minecraft:apple":1,"minecraft:granite":12,"mca:wedding_ring":2,"minecraft:wooden_axe":1,"minecraft:iron_leggings":1,"minecraft:iron_pickaxe":1,"minecraft:string":2,"minecraft:white_wool":1,"minecraft:spruce_sapling":7,"minecraft:bone":1,"minecraft:cobblestone_wall":1,"minecraft:poppy":3,"minecraft:shield":1,"minecraft:gunpowder":2,"ecologics:walnut":3,"minecraft:iron_chestplate":1,"minecraft:oak_sapling":1,"minecraft:spider_eye":2,"minecraft:stone_pickaxe":1,"mca:matchmakers_ring":2},"minecraft:killed":{"animalium:wild_dog":1,"minecraft:spider":5,"animalium:rat":1,"minecraft:skeleton":2,"minecraft:chicken":6,"minecraft:pig":6,"minecraft:creeper":3,"minecraft:sheep":1,"minecraft:zombie":12,"mca:male_villager":1,"mca:female_villager":2},"minecraft:used":{"minecraft:iron_shovel":75,"minecraft:chest":1,"minecraft:spruce_planks":46,"minecraft:shield":3,"minecraft:cooked_chicken":1,"minecraft:torch":20,"minecraft:dirt":1,"minecraft:mutton":1,"minecraft:tuff":6,"minecraft:granite":5,"minecraft:wooden_axe":27,"minecraft:iron_axe":312,"minecraft:smooth_basalt":2,"minecraft:furnace":3,"ecologics:walnut":4,"minecraft:cooked_mutton":5,"minecraft:diorite":3,"minecraft:stone_pickaxe":93,"minecraft:oak_planks":34,"minecraft:crafting_table":2,"minecraft:white_bed":1,"minecraft:oak_log":21,"minecraft:apple":5,"minecraft:bread":1,"minecraft:iron_pickaxe":238,"minecraft:stone_axe":12,"minecraft:cobblestone":86,"minecraft:purple_bed":1,"minecraft:cooked_porkchop":16,"minecraft:porkchop":1,"alexsmobs:animal_dictionary":2},"minecraft:custom":{"minecraft:mob_kills":40,"minecraft:interact_with_crafting_table":24,"minecraft:time_since_death":15343,"minecraft:sprint_one_cm":209303,"minecraft:walk_one_cm":425087,"minecraft:damage_blocked_by_shield":90,"minecraft:drop":43,"minecraft:talked_to_villager":1,"minecraft:play_time":141355,"minecraft:deaths":1,"minecraft:sneak_time":8743,"minecraft:walk_under_water_one_cm":12412,"minecraft:boat_one_cm":21999,"minecraft:jump":2435,"minecraft:walk_on_water_one_cm":19875,"minecraft:total_world_time":141355,"minecraft:interact_with_furnace":75,"minecraft:sleep_in_bed":5,"minecraft:time_since_rest":15369,"minecraft:damage_taken":2093,"minecraft:damage_dealt":5366,"minecraft:swim_one_cm":30112,"minecraft:fly_one_cm":467581,"minecraft:open_chest":31,"minecraft:crouch_one_cm":25252,"minecraft:fall_one_cm":64135},"minecraft:crafted":{"minecraft:oak_planks":76,"minecraft:cooked_chicken":1,"minecraft:cooked_mutton":2,"minecraft:glass":3,"minecraft:iron_boots":1,"minecraft:iron_axe":3,"minecraft:stone_pickaxe":1,"minecraft:chest":1,"mca:matchmakers_ring":2,"minecraft:cooked_beef":3,"minecraft:cooked_porkchop":13,"minecraft:crafting_table":1,"minecraft:spruce_planks":128,"minecraft:air":0,"minecraft:iron_chestplate":2,"minecraft:shield":2,"minecraft:stick":12,"minecraft:iron_ingot":68,"minecraft:iron_pickaxe":3,"minecraft:wooden_axe":1,"minecraft:gold_ingot":16,"minecraft:iron_shovel":1,"minecraft:iron_leggings":2,"minecraft:torch":8,"mca:wedding_ring":2}},"DataVersion":3465}