{"stats":{"minecraft:mined":{"minecraft:brown_mushroom":1,"minecraft:dandelion":1,"minecraft:torch":1,"minecraft:crafting_table":4,"minecraft:glow_lichen":1,"minecraft:granite":16,"minecraft:grass_block":16,"minecraft:calcite":2,"minecraft:poppy":3,"minecraft:cobblestone":5,"minecraft:diorite":8,"minecraft:wall_torch":5,"minecraft:amethyst_block":1,"minecraft:furnace":5,"minecraft:cobblestone_wall":1,"minecraft:iron_ore":54,"minecraft:spruce_log":16,"minecraft:andesite":4,"treechop:chopped_log":9,"minecraft:oak_log":1,"minecraft:coal_ore":18,"minecraft:dirt":2,"minecraft:smooth_basalt":2,"minecraft:stone":78},"minecraft:picked_up":{"minecraft:wooden_axe":1,"minecraft:crafting_table":2,"minecraft:feather":6,"minecraft:chicken":3,"minecraft:andesite":4,"minecraft:brown_mushroom":1,"minecraft:oak_log":25,"gravestone:obituary":1,"minecraft:cobblestone_wall":1,"minecraft:gunpowder":2,"minecraft:amethyst_block":1,"minecraft:dirt":18,"minecraft:string":2,"minecraft:cooked_mutton":3,"minecraft:bone":3,"minecraft:apple":1,"minecraft:bow":1,"minecraft:stone_pickaxe":1,"minecraft:calcite":2,"minecraft:poppy":4,"minecraft:iron_pickaxe":1,"minecraft:furnace":4,"minecraft:stick":9,"minecraft:raw_iron":52,"minecraft:smooth_basalt":2,"minecraft:cooked_porkchop":5,"minecraft:torch":6,"minecraft:dandelion":1,"minecraft:porkchop":4,"minecraft:spruce_sapling":7,"minecraft:diorite":5,"minecraft:spruce_log":64,"minecraft:spider_eye":1,"minecraft:rotten_flesh":4,"minecraft:granite":15,"minecraft:oak_sapling":15,"minecraft:mutton":6,"minecraft:coal":50,"minecraft:white_wool":1,"minecraft:cobblestone":81},"minecraft:dropped":{"minecraft:cooked_beef":3,"minecraft:cooked_porkchop":2,"minecraft:apple":1,"minecraft:poppy":1,"minecraft:shield":1,"minecraft:gunpowder":2,"minecraft:iron_chestplate":1,"minecraft:wooden_axe":1,"minecraft:oak_sapling":1,"minecraft:iron_leggings":1,"minecraft:stone_pickaxe":1,"minecraft:iron_pickaxe":1,"minecraft:string":2,"minecraft:white_wool":1},"minecraft:killed":{"minecraft:pig":2,"animalium:wild_dog":1,"minecraft:spider":2,"minecraft:creeper":2,"minecraft:skeleton":2,"minecraft:sheep":1,"minecraft:zombie":8,"minecraft:chicken":3},"minecraft:used":{"minecraft:cooked_mutton":5,"minecraft:stone_pickaxe":93,"minecraft:oak_planks":34,"minecraft:torch":8,"minecraft:dirt":1,"minecraft:mutton":1,"minecraft:crafting_table":2,"minecraft:granite":3,"minecraft:wooden_axe":27,"minecraft:iron_axe":108,"minecraft:iron_pickaxe":110,"minecraft:cobblestone":41,"minecraft:porkchop":1,"minecraft:furnace":2,"minecraft:cooked_porkchop":9,"alexsmobs:animal_dictionary":2},"minecraft:custom":{"minecraft:interact_with_furnace":51,"minecraft:mob_kills":21,"minecraft:interact_with_crafting_table":11,"minecraft:time_since_death":63355,"minecraft:sleep_in_bed":1,"minecraft:time_since_rest":2763,"minecraft:sprint_one_cm":94329,"minecraft:damage_taken":1249,"minecraft:walk_one_cm":195613,"minecraft:drop":17,"minecraft:damage_dealt":2908,"minecraft:swim_one_cm":29862,"minecraft:fly_one_cm":165254,"minecraft:open_chest":1,"minecraft:crouch_one_cm":13131,"minecraft:play_time":63355,"minecraft:sneak_time":4509,"minecraft:walk_under_water_one_cm":4653,"minecraft:boat_one_cm":21999,"minecraft:jump":1030,"minecraft:walk_on_water_one_cm":9285,"minecraft:total_world_time":63355,"minecraft:fall_one_cm":25644},"minecraft:crafted":{"minecraft:cooked_beef":3,"minecraft:oak_planks":76,"minecraft:cooked_porkchop":13,"minecraft:crafting_table":1,"minecraft:cooked_mutton":2,"minecraft:air":0,"minecraft:iron_chestplate":2,"minecraft:shield":2,"minecraft:iron_axe":1,"minecraft:stick":12,"minecraft:iron_ingot":59,"minecraft:iron_pickaxe":1,"minecraft:stone_pickaxe":1,"minecraft:wooden_axe":1,"minecraft:iron_leggings":2,"minecraft:torch":8}},"DataVersion":3465}