{"stats":{"minecraft:mined":{"minecraft:spruce_planks":4,"minecraft:white_bed":1,"minecraft:brown_mushroom":1,"iceandfire:silver_ore":4,"minecraft:dandelion":1,"minecraft:torch":1,"minecraft:crafting_table":4,"minecraft:glow_lichen":1,"minecraft:granite":16,"minecraft:grass_block":96,"minecraft:calcite":2,"minecraft:poppy":3,"ecologics:walnut_leaves":1,"minecraft:cobblestone":5,"minecraft:diorite":8,"minecraft:wall_torch":5,"minecraft:amethyst_block":1,"minecraft:purple_bed":1,"minecraft:furnace":5,"minecraft:cobblestone_wall":1,"minecraft:iron_ore":56,"minecraft:spruce_log":16,"minecraft:andesite":4,"treechop:chopped_log":27,"minecraft:grass":25,"minecraft:oak_log":12,"minecraft:coal_ore":18,"minecraft:stripped_oak_log":1,"minecraft:dirt":2,"minecraft:smooth_basalt":2,"ecologics:walnut_log":2,"minecraft:stone":80,"minecraft:oak_leaves":5},"minecraft:picked_up":{"minecraft:wooden_axe":1,"minecraft:birch_log":5,"minecraft:crafting_table":2,"ecologics:walnut":7,"minecraft:feather":10,"minecraft:chicken":4,"minecraft:andesite":4,"minecraft:brown_mushroom":2,"minecraft:oak_log":139,"gravestone:obituary":1,"minecraft:cobblestone_wall":1,"minecraft:gunpowder":2,"minecraft:amethyst_block":1,"minecraft:dirt":107,"minecraft:string":2,"minecraft:cooked_mutton":3,"minecraft:bone":8,"ecologics:walnut_sapling":2,"minecraft:apple":6,"minecraft:bow":1,"minecraft:wheat_seeds":4,"minecraft:spruce_planks":3,"minecraft:stone_pickaxe":1,"minecraft:calcite":2,"minecraft:poppy":4,"minecraft:iron_pickaxe":1,"minecraft:birch_sapling":2,"minecraft:furnace":4,"minecraft:stick":41,"minecraft:raw_iron":54,"minecraft:smooth_basalt":2,"minecraft:cooked_porkchop":5,"ecologics:walnut_log":3,"minecraft:torch":6,"minecraft:dandelion":1,"minecraft:porkchop":12,"minecraft:white_bed":1,"minecraft:spruce_sapling":7,"minecraft:diorite":5,"minecraft:spruce_log":64,"minecraft:spider_eye":3,"minecraft:purple_bed":1,"minecraft:rotten_flesh":8,"minecraft:granite":15,"animalium:rat_meat":1,"minecraft:oak_sapling":64,"iceandfire:raw_silver":4,"minecraft:mutton":6,"minecraft:coal":50,"minecraft:white_wool":1,"minecraft:cobblestone":83},"minecraft:dropped":{"minecraft:iron_ingot":4,"minecraft:brown_mushroom":1,"minecraft:cooked_beef":3,"minecraft:oak_log":16,"minecraft:cobblestone_wall":1,"minecraft:cooked_porkchop":2,"minecraft:apple":1,"minecraft:granite":12,"minecraft:poppy":1,"minecraft:shield":1,"minecraft:gunpowder":2,"minecraft:iron_chestplate":1,"minecraft:wooden_axe":1,"minecraft:oak_sapling":1,"minecraft:spider_eye":2,"minecraft:iron_leggings":1,"minecraft:stone_pickaxe":1,"minecraft:iron_pickaxe":1,"minecraft:string":2,"mca:matchmakers_ring":2,"minecraft:white_wool":1,"minecraft:spruce_sapling":7,"minecraft:bone":1},"minecraft:killed":{"minecraft:pig":6,"animalium:wild_dog":1,"minecraft:spider":4,"animalium:rat":1,"minecraft:creeper":2,"minecraft:skeleton":2,"minecraft:sheep":1,"minecraft:zombie":11,"minecraft:chicken":6,"mca:female_villager":1},"minecraft:used":{"minecraft:cooked_mutton":5,"minecraft:iron_shovel":75,"minecraft:stone_pickaxe":93,"minecraft:oak_planks":34,"minecraft:spruce_planks":46,"minecraft:cooked_chicken":1,"minecraft:torch":8,"minecraft:dirt":1,"minecraft:mutton":1,"minecraft:crafting_table":2,"minecraft:white_bed":1,"minecraft:granite":3,"minecraft:oak_log":21,"minecraft:wooden_axe":27,"minecraft:apple":4,"minecraft:iron_axe":281,"minecraft:iron_pickaxe":118,"minecraft:stone_axe":12,"minecraft:cobblestone":46,"minecraft:purple_bed":1,"minecraft:porkchop":1,"minecraft:furnace":3,"minecraft:cooked_porkchop":13,"alexsmobs:animal_dictionary":2},"minecraft:custom":{"minecraft:interact_with_furnace":62,"minecraft:mob_kills":35,"minecraft:interact_with_crafting_table":21,"minecraft:time_since_death":117355,"minecraft:sleep_in_bed":5,"minecraft:time_since_rest":10752,"minecraft:sprint_one_cm":170848,"minecraft:damage_taken":1574,"minecraft:walk_one_cm":360234,"minecraft:drop":30,"minecraft:damage_dealt":4469,"minecraft:talked_to_villager":1,"minecraft:swim_one_cm":29862,"minecraft:fly_one_cm":385936,"minecraft:open_chest":21,"minecraft:crouch_one_cm":17838,"minecraft:play_time":117355,"minecraft:sneak_time":5591,"minecraft:walk_under_water_one_cm":4653,"minecraft:boat_one_cm":21999,"minecraft:jump":1922,"minecraft:walk_on_water_one_cm":10978,"minecraft:total_world_time":117355,"minecraft:fall_one_cm":48374},"minecraft:crafted":{"minecraft:cooked_beef":3,"minecraft:oak_planks":76,"minecraft:cooked_porkchop":13,"minecraft:crafting_table":1,"minecraft:spruce_planks":128,"minecraft:cooked_chicken":1,"minecraft:cooked_mutton":2,"minecraft:air":0,"minecraft:iron_boots":1,"minecraft:iron_chestplate":2,"minecraft:shield":2,"minecraft:iron_axe":3,"minecraft:stick":12,"minecraft:iron_ingot":59,"minecraft:iron_pickaxe":3,"minecraft:stone_pickaxe":1,"minecraft:wooden_axe":1,"minecraft:iron_shovel":1,"minecraft:iron_leggings":2,"minecraft:torch":8,"mca:matchmakers_ring":2}},"DataVersion":3465}