{"stats":{"minecraft:mined":{"minecraft:furnace":1,"minecraft:iron_ore":34,"minecraft:andesite":1,"treechop:chopped_log":1,"minecraft:glow_lichen":1,"minecraft:crafting_table":2,"minecraft:granite":16,"minecraft:calcite":2,"minecraft:coal_ore":14,"minecraft:dirt":2,"minecraft:smooth_basalt":2,"minecraft:stone":61,"minecraft:diorite":1,"minecraft:wall_torch":1,"minecraft:amethyst_block":1},"minecraft:picked_up":{"minecraft:smooth_basalt":2,"minecraft:raw_iron":32,"minecraft:stick":2,"minecraft:crafting_table":1,"minecraft:andesite":1,"minecraft:torch":1,"minecraft:oak_log":19,"minecraft:diorite":1,"minecraft:amethyst_block":1,"minecraft:string":2,"minecraft:dirt":2,"minecraft:cooked_mutton":3,"minecraft:rotten_flesh":1,"minecraft:apple":1,"minecraft:granite":15,"minecraft:calcite":2,"minecraft:oak_sapling":10,"minecraft:mutton":6,"minecraft:coal":27,"minecraft:white_wool":1,"minecraft:cobblestone":64,"minecraft:furnace":1},"minecraft:dropped":{"minecraft:cooked_beef":3,"minecraft:wooden_axe":1,"minecraft:oak_sapling":1,"minecraft:apple":1,"minecraft:stone_pickaxe":1,"minecraft:white_wool":1},"minecraft:killed":{"minecraft:sheep":1,"minecraft:zombie":3,"animalium:wild_dog":1,"minecraft:spider":1},"minecraft:used":{"minecraft:cooked_mutton":2,"minecraft:wooden_axe":27,"minecraft:iron_axe":3,"minecraft:stone_pickaxe":93,"minecraft:iron_pickaxe":45,"minecraft:oak_planks":34,"minecraft:torch":2,"minecraft:dirt":1,"minecraft:cobblestone":1,"minecraft:crafting_table":1,"minecraft:furnace":1,"minecraft:cooked_porkchop":4,"alexsmobs:animal_dictionary":2,"minecraft:granite":3},"minecraft:custom":{"minecraft:time_since_rest":27355,"minecraft:interact_with_furnace":29,"minecraft:sprint_one_cm":36474,"minecraft:damage_taken":511,"minecraft:walk_one_cm":81359,"minecraft:mob_kills":6,"minecraft:drop":8,"minecraft:damage_dealt":884,"minecraft:interact_with_crafting_table":5,"minecraft:swim_one_cm":3206,"minecraft:fly_one_cm":64194,"minecraft:crouch_one_cm":7568,"minecraft:play_time":27355,"minecraft:sneak_time":2631,"minecraft:walk_under_water_one_cm":842,"minecraft:jump":474,"minecraft:time_since_death":27355,"minecraft:walk_on_water_one_cm":5011,"minecraft:total_world_time":27355,"minecraft:fall_one_cm":14184},"minecraft:crafted":{"minecraft:cooked_beef":3,"minecraft:oak_planks":76,"minecraft:cooked_porkchop":7,"minecraft:iron_axe":1,"minecraft:crafting_table":1,"minecraft:iron_pickaxe":1,"minecraft:stick":12,"minecraft:iron_ingot":38,"minecraft:stone_pickaxe":1,"minecraft:wooden_axe":1,"minecraft:torch":8,"minecraft:air":0}},"DataVersion":3465}