{"stats":{"minecraft:used":{"minecraft:netherite_sword":19,"minecraft:iron_shovel":75,"minecraft:chest":1,"minecraft:spruce_planks":71,"minecraft:shield":69,"minecraft:cooked_chicken":6,"minecraft:rotten_flesh":12,"minecraft:iron_chestplate":1,"minecraft:torch":33,"minecraft:dirt":4,"minecraft:mutton":1,"minecraft:tuff":19,"minecraft:granite":5,"minecraft:wooden_axe":27,"minecraft:iron_axe":402,"minecraft:smooth_basalt":2,"minecraft:bamboo":6,"minecraft:sweet_berries":5,"minecraft:furnace":3,"ecologics:walnut":4,"minecraft:potato":32,"minecraft:cobbled_deepslate":22,"minecraft:cooked_mutton":5,"minecraft:water_bucket":31,"minecraft:diorite":5,"minecraft:stone_pickaxe":93,"minecraft:oak_planks":157,"minecraft:crafting_table":4,"minecraft:white_bed":1,"minecraft:oak_log":21,"sophisticatedbackpacks:backpack":4,"minecraft:diamond_pickaxe":592,"minecraft:apple":5,"minecraft:chicken":1,"minecraft:bread":40,"minecraft:iron_pickaxe":361,"rats:garbage_pile":1,"minecraft:stone_axe":14,"minecraft:diamond_sword":145,"minecraft:cobblestone":100,"minecraft:purple_bed":1,"minecraft:porkchop":1,"minecraft:cooked_porkchop":16,"minecraft:bucket":32,"minecraft:oak_boat":6,"alexsmobs:animal_dictionary":2},"minecraft:crafted":{"minecraft:oak_planks":372,"minecraft:cooked_chicken":1,"sophisticatedbackpacks:crafting_upgrade":1,"minecraft:cooked_mutton":2,"minecraft:glass":3,"minecraft:diamond_leggings":1,"minecraft:iron_boots":1,"minecraft:iron_axe":3,"minecraft:stone_pickaxe":1,"minecraft:diamond_boots":1,"minecraft:chest":2,"mca:matchmakers_ring":2,"minecraft:cooked_beef":3,"minecraft:diamond_sword":1,"minecraft:cooked_porkchop":13,"minecraft:crafting_table":3,"minecraft:spruce_planks":128,"minecraft:bucket":2,"sophisticatedbackpacks:upgrade_base":1,"minecraft:air":0,"rats:cheese":5,"minecraft:oak_boat":1,"minecraft:iron_chestplate":2,"minecraft:shield":4,"minecraft:stick":12,"minecraft:iron_ingot":68,"minecraft:iron_pickaxe":3,"minecraft:wooden_axe":1,"minecraft:iron_shovel":1,"minecraft:iron_leggings":2,"minecraft:gold_ingot":16,"minecraft:torch":32,"mca:wedding_ring":2,"minecraft:diamond_chestplate":1},"minecraft:custom":{"minecraft:mob_kills":83,"minecraft:interact_with_crafting_table":37,"minecraft:damage_dealt_resisted":24,"minecraft:leave_game":3,"minecraft:time_since_death":4355,"minecraft:climb_one_cm":1993,"adorn:sit_on_chair":2,"minecraft:sprint_one_cm":636040,"minecraft:walk_one_cm":966832,"minecraft:damage_blocked_by_shield":4895,"minecraft:drop":89,"minecraft:talked_to_villager":5,"minecraft:play_time":389970,"minecraft:sneak_time":24778,"minecraft:deaths":17,"minecraft:walk_under_water_one_cm":23925,"minecraft:boat_one_cm":188052,"minecraft:jump":6285,"minecraft:walk_on_water_one_cm":58759,"minecraft:total_world_time":389970,"minecraft:interact_with_furnace":77,"minecraft:traded_with_villager":1,"minecraft:sleep_in_bed":16,"minecraft:time_since_rest":4509,"minecraft:damage_taken":2147483647,"minecraft:trigger_trapped_chest":1,"minecraft:damage_dealt":13494,"minecraft:player_kills":1,"minecraft:swim_one_cm":58918,"minecraft:fly_one_cm":1603663,"minecraft:open_chest":74,"minecraft:crouch_one_cm":64857,"minecraft:fall_one_cm":179301,"minecraft:horse_one_cm":141071},"minecraft:killed":{"animalium:wild_dog":1,"alexsmobs:raccoon":1,"enemyexpansion:equestrian":2,"minecraft:spider":6,"animalium:rat":3,"alexsmobs:seagull":1,"enemyexpansion:direwolf":1,"naturalist:coral_snake":1,"minecraft:skeleton":5,"animalium:piranha":7,"minecraft:chicken":7,"ecologics:coconut_crab":1,"minecraft:silverfish":2,"minecraft:parrot":1,"minecraft:pig":6,"enemyexpansion:sprinter":1,"minecraft:creeper":4,"minecraft:sheep":1,"minecraft:zombie":26,"enemyexpansion:vampire":1,"mca:male_villager":1,"mca:female_villager":2},"minecraft:picked_up":{"minecraft:wooden_axe":1,"minecraft:crafting_table":4,"minecraft:wheat":18,"minecraft:chicken":5,"minecraft:brown_mushroom":2,"minecraft:diamond_sword":1,"gravestone:obituary":6,"minecraft:shield":1,"minecraft:amethyst_block":1,"minecraft:string":9,"minecraft:iron_axe":4,"minecraft:iron_leggings":1,"rats:garbage_pile":1,"minecraft:beetroot":3,"ecologics:walnut_sapling":2,"minecraft:gold_nugget":18,"minecraft:cobbled_deepslate":240,"minecraft:netherite_sword":1,"minecraft:spruce_planks":6,"minecraft:oak_boat":2,"minecraft:calcite":3,"minecraft:poppy":4,"minecraft:iron_pickaxe":4,"minecraft:spruce_slab":1,"alexsmobs:raccoon_tail":1,"minecraft:birch_sapling":2,"neapolitan:strawberry_pips":23,"minecraft:iron_boots":1,"minecraft:furnace":4,"mca:wedding_ring":3,"minecraft:stick":46,"minecraft:raw_iron":126,"ecologics:walnut_log":3,"minecraft:torch":23,"ecologics:coconut_seedling":2,"sophisticatedbackpacks:backpack":1,"minecraft:porkchop":12,"minecraft:diorite":46,"minecraft:carrot":9,"minecraft:redstone":44,"minecraft:arrow":4,"minecraft:rotten_flesh":30,"minecraft:hay_block":23,"ecologics:coconut_log":21,"minecraft:red_tulip":6,"animalium:rat_meat":1,"minecraft:obsidian":2,"minecraft:mutton":6,"minecraft:iron_bars":2,"alexsmobs:flying_fish":5,"minecraft:white_wool":1,"minecraft:cobblestone":197,"minecraft:birch_log":5,"ecologics:walnut":7,"minecraft:feather":15,"minecraft:andesite":14,"minecraft:potato":11,"minecraft:tuff":38,"minecraft:oak_log":149,"minecraft:golden_boots":1,"animalium:piranha_steak":1,"minecraft:cobblestone_wall":1,"minecraft:gunpowder":8,"minecraft:lapis_lazuli":48,"minecraft:dirt":111,"minecraft:cooked_mutton":3,"minecraft:bone":15,"minecraft:apple":7,"minecraft:kelp":1,"minecraft:bow":1,"minecraft:wheat_seeds":28,"minecraft:raw_gold":18,"minecraft:stone_pickaxe":1,"minecraft:bamboo":27,"minecraft:iron_sword":1,"minecraft:oak_planks":3,"minecraft:smooth_basalt":2,"minecraft:cooked_porkchop":5,"minecraft:sweet_berries":5,"minecraft:dandelion":1,"minecraft:amethyst_shard":4,"minecraft:spruce_sapling":7,"minecraft:white_bed":1,"minecraft:spruce_log":64,"minecraft:spider_eye":4,"minecraft:purple_bed":1,"minecraft:diamond":126,"minecraft:granite":17,"minecraft:bread":18,"mca:book_infection":1,"minecraft:oak_sapling":69,"minecraft:coal":74,"iceandfire:raw_silver":9,"minecraft:diamond_pickaxe":1},"minecraft:dropped":{"minecraft:golden_boots":1,"minecraft:iron_ingot":25,"iceandfire:raw_silver":1,"minecraft:brown_mushroom":1,"minecraft:cooked_beef":3,"minecraft:oak_log":16,"minecraft:diamond":57,"minecraft:cooked_porkchop":2,"minecraft:apple":1,"minecraft:granite":12,"minecraft:coal":4,"minecraft:stick":13,"mca:wedding_ring":4,"minecraft:dirt":1,"minecraft:torch":1,"minecraft:wooden_axe":1,"minecraft:iron_leggings":2,"gravestone:obituary":16,"minecraft:oak_stairs":1,"minecraft:sand":8,"minecraft:iron_axe":2,"minecraft:iron_pickaxe":1,"minecraft:string":2,"minecraft:white_wool":1,"minecraft:bucket":1,"minecraft:spruce_sapling":7,"minecraft:bone":3,"minecraft:cobblestone_wall":1,"minecraft:netherite_sword":1,"minecraft:rotten_flesh":1,"minecraft:iron_boots":1,"minecraft:oak_planks":41,"minecraft:diamond_sword":1,"minecraft:poppy":3,"minecraft:shield":3,"minecraft:gunpowder":2,"ecologics:walnut":3,"minecraft:iron_chestplate":1,"minecraft:andesite":4,"minecraft:oak_boat":1,"minecraft:oak_sapling":1,"minecraft:bamboo":1,"minecraft:spider_eye":3,"minecraft:spruce_slab":1,"minecraft:stone_pickaxe":1,"minecraft:red_tulip":4,"mca:matchmakers_ring":2},"minecraft:broken":{"minecraft:iron_boots":1,"minecraft:iron_chestplate":1,"minecraft:iron_leggings":1,"minecraft:shield":1,"minecraft:iron_pickaxe":1,"minecraft:iron_helmet":1},"minecraft:killed_by":{"minecraft:player":1,"enemyexpansion:huntsman":1,"iceandfire:gorgon":1,"animalium:piranha":5,"minecraft:skeleton":1,"minecraft:zombie":2,"iceandfire:ghost":1,"enemyexpansion:silverqueen":1,"enemyexpansion:invisicreeper":2},"minecraft:mined":{"minecraft:tuff":38,"minecraft:spruce_planks":7,"minecraft:white_bed":1,"iceandfire:silver_ore":8,"minecraft:mossy_cobblestone":1,"minecraft:deepslate_diamond_ore":69,"iceandfire:copper_pile":2,"minecraft:obsidian":3,"minecraft:glow_lichen":1,"gravestone:gravestone":10,"minecraft:granite":67,"minecraft:grass_block":97,"ecologics:coconut_log":13,"minecraft:kelp":3,"minecraft:hay_block":23,"minecraft:furnace":5,"minecraft:iron_ore":117,"minecraft:andesite":10,"treechop:chopped_log":31,"minecraft:deepslate_lapis_ore":3,"minecraft:azure_bluet":1,"minecraft:red_tulip":7,"minecraft:dirt_path":1,"iceandfire:gold_pile":3,"minecraft:deepslate_iron_ore":13,"minecraft:vine":1,"minecraft:iron_bars":2,"crittersandcompanions:silk_cocoon":1,"minecraft:stripped_oak_log":1,"minecraft:bamboo_sapling":1,"ecologics:walnut_log":2,"minecraft:bamboo":2,"minecraft:stone":205,"minecraft:deepslate_redstone_ore":11,"minecraft:brown_mushroom":1,"minecraft:stone_brick_slab":9,"minecraft:amethyst_cluster":1,"neapolitan:strawberry_bush":24,"minecraft:dandelion":1,"minecraft:crafting_table":6,"minecraft:torch":12,"minecraft:calcite":2,"minecraft:poppy":3,"ecologics:walnut_leaves":1,"minecraft:tall_grass":3,"minecraft:cobblestone":20,"rats:garbage_pile":1,"minecraft:deepslate_gold_ore":18,"minecraft:lapis_ore":3,"minecraft:oak_planks":3,"minecraft:diorite":47,"minecraft:wall_torch":13,"minecraft:amethyst_block":1,"mca:cross_headstone":2,"minecraft:purple_bed":1,"untamedwilds:block_burrow":1,"minecraft:cobblestone_wall":1,"minecraft:sweet_berry_bush":5,"minecraft:spruce_log":16,"minecraft:grass":33,"minecraft:coal_ore":44,"minecraft:oak_log":12,"iceandfire:silver_pile":2,"minecraft:gravel":21,"minecraft:dirt":3,"minecraft:cobweb":2,"minecraft:smooth_basalt":2,"minecraft:oak_leaves":5,"minecraft:deepslate":299}},"DataVersion":3465}