{"stats":{"minecraft:mined":{"treechop:chopped_log":1,"minecraft:crafting_table":1,"minecraft:coal_ore":3,"minecraft:dirt":1,"minecraft:stone":18},"minecraft:picked_up":{"minecraft:stick":2,"minecraft:crafting_table":1,"minecraft:oak_log":19,"minecraft:dirt":1,"minecraft:apple":1,"minecraft:oak_sapling":10,"minecraft:mutton":3,"minecraft:coal":3,"minecraft:white_wool":1,"minecraft:cobblestone":23},"minecraft:dropped":{"minecraft:oak_sapling":1,"minecraft:apple":1,"minecraft:white_wool":1},"minecraft:killed":{"minecraft:sheep":1,"animalium:wild_dog":1},"minecraft:used":{"minecraft:wooden_axe":16,"minecraft:stone_pickaxe":21,"minecraft:oak_planks":34,"minecraft:dirt":1,"minecraft:crafting_table":1,"minecraft:cooked_porkchop":3,"alexsmobs:animal_dictionary":2},"minecraft:custom":{"minecraft:time_since_rest":15355,"minecraft:interact_with_furnace":14,"minecraft:sprint_one_cm":20820,"minecraft:damage_taken":326,"minecraft:walk_one_cm":40630,"minecraft:mob_kills":2,"minecraft:drop":3,"minecraft:damage_dealt":251,"minecraft:interact_with_crafting_table":3,"minecraft:swim_one_cm":1197,"minecraft:fly_one_cm":30096,"minecraft:crouch_one_cm":3611,"minecraft:play_time":15355,"minecraft:sneak_time":617,"minecraft:walk_under_water_one_cm":472,"minecraft:jump":238,"minecraft:time_since_death":15355,"minecraft:walk_on_water_one_cm":556,"minecraft:total_world_time":15355,"minecraft:fall_one_cm":7469},"minecraft:crafted":{"minecraft:oak_planks":76,"minecraft:cooked_porkchop":7,"minecraft:crafting_table":1,"minecraft:stick":4,"minecraft:stone_pickaxe":1,"minecraft:wooden_axe":1,"minecraft:air":0}},"DataVersion":3465}