{"stats":{"minecraft:mined":{"minecraft:birch_log":3,"minecraft:birch_leaves":3,"treechop:chopped_log":4,"minecraft:crafting_table":3,"minecraft:grass":2,"minecraft:oak_log":4,"minecraft:grass_block":8,"minecraft:coal_ore":14,"minecraft:gravel":2,"minecraft:dirt":10,"minecraft:stone":100,"minecraft:oak_leaves":1},"minecraft:picked_up":{"minecraft:birch_log":3,"minecraft:stick":10,"minecraft:crafting_table":3,"minecraft:leather":2,"minecraft:gravel":1,"minecraft:flint":1,"minecraft:porkchop":10,"minecraft:oak_log":27,"minecraft:dirt":18,"minecraft:apple":2,"minecraft:beef":5,"minecraft:oak_sapling":7,"minecraft:black_wool":1,"minecraft:mutton":3,"minecraft:coal":14,"minecraft:white_wool":3,"minecraft:cobblestone":103},"minecraft:dropped":{"minecraft:cobblestone":8},"minecraft:killed":{"minecraft:sheep":3,"minecraft:pig":6,"minecraft:cow":2},"minecraft:used":{"minecraft:stone_sword":12,"minecraft:apple":2,"minecraft:stone_pickaxe":104,"minecraft:wooden_pickaxe":11,"minecraft:stone_axe":39,"minecraft:dirt":9,"minecraft:cobblestone":1,"minecraft:crafting_table":4,"minecraft:furnace":1,"minecraft:cooked_porkchop":3,"minecraft:birch_log":1,"alexsmobs:animal_dictionary":1},"minecraft:custom":{"minecraft:time_since_rest":23524,"minecraft:interact_with_furnace":3,"minecraft:sprint_one_cm":43805,"minecraft:damage_taken":215,"minecraft:walk_one_cm":58630,"minecraft:mob_kills":11,"minecraft:drop":2,"minecraft:damage_dealt":1182,"minecraft:swim_one_cm":6770,"minecraft:interact_with_crafting_table":7,"minecraft:fly_one_cm":148673,"minecraft:crouch_one_cm":9782,"minecraft:play_time":23524,"minecraft:sneak_time":3303,"minecraft:walk_under_water_one_cm":1036,"minecraft:jump":345,"minecraft:leave_game":4,"minecraft:time_since_death":23524,"minecraft:walk_on_water_one_cm":742,"minecraft:total_world_time":23524,"minecraft:fall_one_cm":9041},"minecraft:crafted":{"minecraft:oak_planks":16,"minecraft:cooked_porkchop":3,"minecraft:crafting_table":1,"minecraft:stick":8,"minecraft:wooden_pickaxe":1,"minecraft:stone_pickaxe":2,"minecraft:stone_sword":1,"minecraft:furnace":1,"minecraft:birch_planks":8,"minecraft:stone_axe":1,"minecraft:air":0}},"DataVersion":3465}