{"stats":{"minecraft:mined":{"minecraft:crafting_table":4,"minecraft:granite":4,"minecraft:grass_block":8,"minecraft:lapis_ore":2,"minecraft:birch_log":3,"minecraft:iron_ore":35,"minecraft:birch_leaves":3,"minecraft:andesite":11,"treechop:chopped_log":4,"minecraft:grass":2,"minecraft:coal_ore":21,"minecraft:oak_log":4,"minecraft:gravel":2,"minecraft:dirt":10,"minecraft:stone":162,"minecraft:oak_leaves":1},"minecraft:killed_by":{"animalium:piranha":1},"minecraft:picked_up":{"minecraft:birch_log":3,"minecraft:crafting_table":5,"minecraft:cooked_beef":3,"minecraft:glow_ink_sac":1,"minecraft:andesite":11,"minecraft:leather":2,"minecraft:flint":1,"minecraft:oak_log":27,"minecraft:lapis_lazuli":11,"minecraft:dirt":18,"minecraft:apple":2,"minecraft:beef":5,"minecraft:stick":10,"minecraft:raw_iron":37,"minecraft:gravel":3,"minecraft:porkchop":10,"minecraft:rotten_flesh":2,"minecraft:granite":4,"minecraft:oak_sapling":7,"minecraft:black_wool":1,"minecraft:mutton":3,"minecraft:coal":22,"minecraft:white_wool":3,"minecraft:cobblestone":172},"minecraft:broken":{"minecraft:stone_pickaxe":1},"minecraft:dropped":{"minecraft:cobblestone":8,"minecraft:cooked_mutton":3,"gravestone:obituary":1},"minecraft:killed":{"minecraft:pig":6,"minecraft:spider":1,"minecraft:sheep":3,"minecraft:skeleton":1,"minecraft:zombie":1,"minecraft:cow":2},"minecraft:used":{"minecraft:stone_sword":33,"minecraft:stone_pickaxe":225,"minecraft:wooden_pickaxe":11,"minecraft:dirt":9,"minecraft:crafting_table":6,"minecraft:apple":2,"minecraft:stone_axe":40,"minecraft:cobblestone":1,"minecraft:beef":2,"minecraft:furnace":2,"minecraft:cooked_porkchop":3,"minecraft:birch_log":1,"minecraft:andesite":7,"alexsmobs:animal_dictionary":1,"minecraft:cooked_beef":1},"minecraft:custom":{"minecraft:interact_with_furnace":14,"minecraft:mob_kills":14,"minecraft:interact_with_crafting_table":12,"minecraft:leave_game":4,"minecraft:time_since_death":1438,"minecraft:time_since_rest":1463,"minecraft:sprint_one_cm":68961,"minecraft:damage_taken":690,"minecraft:walk_one_cm":91188,"minecraft:drop":4,"minecraft:damage_dealt":2070,"minecraft:swim_one_cm":31956,"minecraft:fly_one_cm":198031,"minecraft:crouch_one_cm":18340,"minecraft:play_time":35524,"minecraft:deaths":1,"minecraft:sneak_time":5877,"minecraft:walk_under_water_one_cm":3054,"minecraft:jump":624,"minecraft:walk_on_water_one_cm":4537,"minecraft:total_world_time":35524,"minecraft:fall_one_cm":17057},"minecraft:crafted":{"minecraft:oak_planks":16,"minecraft:cooked_porkchop":3,"minecraft:crafting_table":1,"minecraft:wooden_pickaxe":1,"minecraft:furnace":2,"minecraft:birch_planks":8,"minecraft:stone_axe":1,"minecraft:cooked_mutton":3,"minecraft:air":0,"minecraft:stick":8,"minecraft:stone_pickaxe":3,"minecraft:stone_sword":1}},"DataVersion":3465}