{"stats":{"minecraft:mined":{"minecraft:coal_ore":13,"minecraft:grass_block":5,"minecraft:oak_log":4,"minecraft:dirt":9,"minecraft:birch_log":3,"minecraft:stone":13,"minecraft:birch_leaves":3,"minecraft:oak_leaves":1,"minecraft:crafting_table":2},"minecraft:picked_up":{"minecraft:birch_log":3,"minecraft:crafting_table":2,"minecraft:oak_log":4,"minecraft:oak_sapling":1,"minecraft:coal":13,"minecraft:dirt":13,"minecraft:cobblestone":13},"minecraft:used":{"minecraft:stone_axe":1,"minecraft:crafting_table":2,"minecraft:stone_pickaxe":15,"minecraft:birch_log":1,"alexsmobs:animal_dictionary":1,"minecraft:wooden_pickaxe":11},"minecraft:custom":{"minecraft:time_since_rest":11524,"minecraft:crouch_one_cm":4860,"minecraft:sprint_one_cm":9695,"minecraft:play_time":11524,"minecraft:damage_taken":135,"minecraft:walk_one_cm":15334,"minecraft:sneak_time":1553,"minecraft:walk_under_water_one_cm":95,"minecraft:jump":121,"minecraft:damage_dealt":73,"minecraft:leave_game":4,"minecraft:walk_on_water_one_cm":253,"minecraft:time_since_death":11524,"minecraft:total_world_time":11524,"minecraft:interact_with_crafting_table":2,"minecraft:fall_one_cm":4771,"minecraft:fly_one_cm":118628},"minecraft:crafted":{"minecraft:oak_planks":16,"minecraft:stone_axe":1,"minecraft:birch_planks":8,"minecraft:crafting_table":1,"minecraft:stick":8,"minecraft:stone_pickaxe":2,"minecraft:wooden_pickaxe":1}},"DataVersion":3465}