{"stats":{"minecraft:mined":{"minecraft:spruce_planks":22,"minecraft:white_bed":1,"minecraft:dark_oak_log":2,"minecraft:jack_o_lantern":1,"gravestone:gravestone":4,"minecraft:granite":5,"minecraft:grass_block":126,"neapolitan:adzuki_sprouts":1,"minecraft:spruce_leaves":11,"minecraft:large_fern":1,"minecraft:hay_block":28,"minecraft:spruce_sapling":6,"minecraft:furnace":4,"minecraft:iron_ore":52,"minecraft:andesite":13,"minecraft:pumpkin":6,"treechop:chopped_log":10,"minecraft:bookshelf":4,"minecraft:flowering_azalea_leaves":1,"minecraft:bamboo":3,"minecraft:stone":202,"minecraft:smithing_table":1,"minecraft:glass_pane":11,"minecraft:spruce_door":1,"minecraft:crafting_table":5,"minecraft:poppy":1,"mysticaloaktree:wise_oak":1,"minecraft:lectern":1,"minecraft:tall_grass":17,"minecraft:lapis_ore":2,"minecraft:oak_planks":3,"minecraft:diorite":3,"minecraft:wall_torch":1,"mca:cross_headstone":1,"minecraft:spruce_stairs":1,"minecraft:purple_bed":3,"minecraft:birch_log":3,"minecraft:spruce_log":14,"minecraft:birch_leaves":9,"minecraft:grass":64,"minecraft:oak_log":5,"minecraft:coal_ore":21,"minecraft:gravel":2,"minecraft:sand":113,"minecraft:dirt":56,"minecraft:oak_leaves":241,"minecraft:fern":1},"minecraft:killed_by":{"animalium:piranha":4},"minecraft:broken":{"minecraft:stone_sword":1,"minecraft:shears":1,"minecraft:wooden_pickaxe":1,"minecraft:stone_pickaxe":2},"minecraft:picked_up":{"minecraft:crafting_table":7,"minecraft:iron_chestplate":1,"minecraft:chicken":2,"minecraft:smithing_table":1,"minecraft:shield":1,"animalium:bear_meat":1,"minecraft:iron_leggings":1,"animalium:bear_claw":1,"minecraft:spruce_planks":52,"minecraft:beef":5,"minecraft:poppy":2,"minecraft:lectern":1,"minecraft:egg":3,"minecraft:furnace":5,"minecraft:stick":36,"minecraft:raw_iron":54,"ecologics:walnut_log":1,"ecologics:coconut_slice":2,"minecraft:torch":2,"minecraft:spruce_stairs":1,"minecraft:porkchop":25,"minecraft:diorite":6,"minecraft:stone_sword":1,"minecraft:arrow":8,"minecraft:rotten_flesh":8,"minecraft:hay_block":28,"minecraft:mutton":3,"minecraft:white_wool":4,"minecraft:cobblestone":223,"minecraft:stripped_oak_log":1,"minecraft:birch_log":3,"minecraft:birch_leaves":5,"minecraft:feather":2,"minecraft:cooked_beef":3,"minecraft:glow_ink_sac":1,"minecraft:andesite":13,"minecraft:leather":2,"minecraft:flint":1,"minecraft:oak_log":48,"minecraft:gunpowder":2,"minecraft:lapis_lazuli":11,"minecraft:dirt":176,"minecraft:bone":4,"minecraft:apple":4,"neapolitan:adzuki_beans":1,"minecraft:wheat_seeds":5,"minecraft:iron_ingot":4,"minecraft:bamboo":25,"minecraft:oak_planks":3,"minecraft:book":12,"minecraft:cooked_porkchop":2,"minecraft:pumpkin":6,"minecraft:sweet_berries":33,"minecraft:gravel":3,"minecraft:sand":113,"minecraft:spruce_sapling":47,"minecraft:white_bed":1,"minecraft:spruce_log":183,"minecraft:dark_oak_log":2,"minecraft:spruce_door":1,"neapolitan:strawberries":29,"minecraft:purple_bed":3,"minecraft:granite":5,"minecraft:grass":3,"minecraft:jack_o_lantern":1,"minecraft:oak_sapling":10,"minecraft:black_wool":1,"minecraft:coal":44,"minecraft:oak_leaves":207},"minecraft:dropped":{"minecraft:wheat_seeds":1,"minecraft:cooked_porkchop":1,"minecraft:feather":2,"minecraft:cobblestone":8,"neapolitan:adzuki_beans":1,"gravestone:obituary":3,"minecraft:stone_sword":1,"minecraft:cooked_mutton":3,"minecraft:poppy":1,"minecraft:spruce_planks":29},"minecraft:killed":{"minecraft:spider":1,"minecraft:skeleton":7,"animalium:piranha":2,"minecraft:chicken":1,"animalium:bear":1,"minecraft:pig":14,"minecraft:creeper":1,"minecraft:sheep":3,"minecraft:zombie":6,"minecraft:cow":2},"minecraft:used":{"neapolitan:strawberries":3,"minecraft:jack_o_lantern":1,"minecraft:stone_sword":129,"minecraft:iron_shovel":136,"ecologics:walnut_log":1,"minecraft:stone_shovel":133,"minecraft:spruce_planks":293,"minecraft:chest":2,"minecraft:shield":62,"minecraft:rotten_flesh":6,"minecraft:torch":2,"minecraft:dirt":53,"minecraft:spruce_stairs":11,"minecraft:granite":5,"minecraft:beef":2,"minecraft:sweet_berries":5,"minecraft:furnace":8,"minecraft:cooked_beef":3,"minecraft:spruce_door":3,"minecraft:stone_pickaxe":290,"minecraft:oak_planks":57,"minecraft:wooden_pickaxe":42,"minecraft:oak_leaves":95,"minecraft:crafting_table":9,"minecraft:white_bed":1,"minecraft:shears":235,"minecraft:spruce_log":3,"minecraft:oak_log":10,"minecraft:apple":4,"minecraft:dark_oak_log":2,"minecraft:lectern":1,"minecraft:spruce_sapling":14,"minecraft:stone_axe":178,"minecraft:cobblestone":21,"minecraft:purple_bed":3,"minecraft:cooked_porkchop":12,"minecraft:andesite":13,"minecraft:birch_log":1,"minecraft:glass_pane":113,"alexsmobs:animal_dictionary":1,"minecraft:oak_boat":1,"minecraft:bone_meal":7},"minecraft:custom":{"minecraft:mob_kills":38,"minecraft:interact_with_crafting_table":33,"minecraft:leave_game":4,"minecraft:time_since_death":58911,"minecraft:sprint_one_cm":292199,"minecraft:walk_one_cm":360304,"minecraft:damage_blocked_by_shield":1095,"minecraft:drop":14,"minecraft:talked_to_villager":4,"minecraft:play_time":113524,"minecraft:deaths":4,"minecraft:sneak_time":12992,"minecraft:walk_under_water_one_cm":10714,"minecraft:boat_one_cm":21794,"minecraft:jump":2133,"minecraft:walk_on_water_one_cm":25447,"minecraft:total_world_time":113524,"minecraft:interact_with_furnace":52,"minecraft:sleep_in_bed":6,"minecraft:time_since_rest":918,"minecraft:damage_taken":2325,"minecraft:damage_dealt":6457,"minecraft:swim_one_cm":72277,"minecraft:fly_one_cm":504944,"minecraft:open_chest":53,"minecraft:crouch_one_cm":49130,"minecraft:fall_one_cm":52593},"minecraft:crafted":{"minecraft:oak_planks":156,"minecraft:stone_shovel":2,"minecraft:cooked_chicken":5,"minecraft:furnace":4,"minecraft:bone_meal":21,"minecraft:cooked_mutton":3,"minecraft:glass_pane":128,"minecraft:glass":102,"minecraft:spruce_stairs":36,"minecraft:spruce_slab":24,"minecraft:stone_pickaxe":3,"minecraft:chest":2,"minecraft:cooked_porkchop":11,"minecraft:crafting_table":2,"minecraft:spruce_planks":496,"minecraft:wooden_pickaxe":1,"minecraft:iron_helmet":1,"minecraft:spruce_door":3,"minecraft:birch_planks":8,"minecraft:stone_axe":2,"minecraft:air":0,"minecraft:oak_boat":1,"minecraft:stick":8,"minecraft:iron_ingot":38,"minecraft:stone_sword":1,"minecraft:iron_shovel":1,"minecraft:white_bed":1,"minecraft:shears":2}},"DataVersion":3465}