{"stats":{"minecraft:mined":{"minecraft:crafting_table":5,"gravestone:gravestone":4,"minecraft:granite":5,"minecraft:grass_block":9,"minecraft:spruce_leaves":1,"minecraft:lapis_ore":2,"minecraft:diorite":3,"minecraft:large_fern":1,"minecraft:furnace":1,"minecraft:birch_log":3,"minecraft:iron_ore":52,"minecraft:spruce_log":2,"minecraft:birch_leaves":3,"minecraft:andesite":13,"treechop:chopped_log":8,"minecraft:grass":3,"minecraft:coal_ore":21,"minecraft:oak_log":4,"minecraft:flowering_azalea_leaves":1,"minecraft:gravel":2,"minecraft:dirt":10,"minecraft:stone":186,"minecraft:oak_leaves":1},"minecraft:killed_by":{"animalium:piranha":4},"minecraft:picked_up":{"minecraft:birch_log":3,"minecraft:iron_chestplate":1,"minecraft:crafting_table":7,"minecraft:feather":2,"minecraft:cooked_beef":3,"minecraft:chicken":2,"minecraft:glow_ink_sac":1,"minecraft:andesite":13,"minecraft:leather":2,"minecraft:flint":1,"minecraft:oak_log":27,"minecraft:shield":1,"minecraft:gunpowder":2,"minecraft:lapis_lazuli":11,"minecraft:dirt":19,"minecraft:iron_leggings":1,"minecraft:bone":4,"minecraft:apple":2,"minecraft:beef":5,"minecraft:furnace":2,"minecraft:stick":13,"minecraft:raw_iron":54,"minecraft:cooked_porkchop":2,"minecraft:torch":1,"minecraft:gravel":3,"minecraft:porkchop":23,"minecraft:spruce_sapling":3,"minecraft:diorite":6,"minecraft:spruce_log":22,"minecraft:stone_sword":1,"minecraft:arrow":7,"minecraft:rotten_flesh":6,"minecraft:granite":5,"minecraft:oak_sapling":7,"minecraft:black_wool":1,"minecraft:mutton":3,"minecraft:coal":44,"minecraft:white_wool":3,"minecraft:cobblestone":202},"minecraft:broken":{"minecraft:stone_pickaxe":1},"minecraft:dropped":{"minecraft:stone_sword":1,"minecraft:cooked_porkchop":1,"minecraft:cobblestone":8,"minecraft:cooked_mutton":3,"gravestone:obituary":3},"minecraft:killed":{"minecraft:pig":13,"minecraft:spider":1,"minecraft:creeper":1,"minecraft:sheep":3,"minecraft:skeleton":6,"minecraft:zombie":6,"animalium:piranha":1,"minecraft:chicken":1,"minecraft:cow":2},"minecraft:used":{"minecraft:stone_sword":121,"minecraft:stone_pickaxe":259,"minecraft:oak_planks":6,"minecraft:shield":62,"minecraft:wooden_pickaxe":25,"minecraft:rotten_flesh":6,"minecraft:torch":1,"minecraft:dirt":10,"minecraft:crafting_table":8,"minecraft:apple":2,"minecraft:stone_axe":70,"minecraft:cobblestone":21,"minecraft:beef":2,"minecraft:furnace":2,"minecraft:cooked_porkchop":6,"minecraft:birch_log":1,"minecraft:andesite":13,"minecraft:oak_boat":1,"alexsmobs:animal_dictionary":1,"minecraft:cooked_beef":3},"minecraft:custom":{"minecraft:interact_with_furnace":24,"minecraft:mob_kills":34,"minecraft:interact_with_crafting_table":15,"minecraft:leave_game":4,"minecraft:time_since_death":4911,"minecraft:time_since_rest":4963,"minecraft:sprint_one_cm":131261,"minecraft:damage_taken":1946,"minecraft:walk_one_cm":150061,"minecraft:damage_blocked_by_shield":1095,"minecraft:drop":8,"minecraft:damage_dealt":5734,"minecraft:swim_one_cm":71754,"minecraft:fly_one_cm":291364,"minecraft:open_chest":3,"minecraft:crouch_one_cm":22811,"minecraft:play_time":59524,"minecraft:deaths":4,"minecraft:sneak_time":7348,"minecraft:walk_under_water_one_cm":10634,"minecraft:boat_one_cm":21794,"minecraft:jump":1205,"minecraft:walk_on_water_one_cm":22889,"minecraft:total_world_time":59524,"minecraft:fall_one_cm":29899},"minecraft:crafted":{"minecraft:oak_planks":16,"minecraft:cooked_porkchop":5,"minecraft:crafting_table":1,"minecraft:wooden_pickaxe":1,"minecraft:iron_helmet":1,"minecraft:furnace":2,"minecraft:birch_planks":8,"minecraft:stone_axe":1,"minecraft:cooked_mutton":3,"minecraft:air":0,"minecraft:oak_boat":1,"minecraft:stick":8,"minecraft:iron_ingot":6,"minecraft:stone_pickaxe":3,"minecraft:stone_sword":1}},"DataVersion":3465}