{"stats":{"minecraft:killed_by":{"animalium:piranha":4},"minecraft:broken":{"minecraft:stone_sword":1,"minecraft:shears":1,"minecraft:wooden_pickaxe":1,"minecraft:stone_pickaxe":3,"minecraft:stone_axe":1,"minecraft:stone_shovel":2},"minecraft:dropped":{"minecraft:wheat_seeds":1,"minecraft:cooked_porkchop":1,"minecraft:feather":2,"minecraft:cobblestone":8,"mca:wedding_ring":1,"neapolitan:adzuki_beans":1,"gravestone:obituary":3,"minecraft:stone_sword":1,"minecraft:cooked_mutton":3,"minecraft:poppy":1,"minecraft:spruce_planks":29,"minecraft:arrow":1},"minecraft:crafted":{"minecraft:oak_planks":156,"minecraft:stone_shovel":4,"minecraft:cooked_chicken":5,"minecraft:furnace":4,"minecraft:bone_meal":21,"minecraft:cooked_mutton":3,"minecraft:spruce_pressure_plate":1,"minecraft:glass_pane":128,"minecraft:glass":102,"minecraft:spruce_stairs":36,"minecraft:spruce_slab":72,"minecraft:stone_pickaxe":4,"minecraft:chest":4,"minecraft:wheat":252,"minecraft:cooked_porkchop":19,"minecraft:crafting_table":3,"minecraft:spruce_planks":496,"minecraft:wooden_pickaxe":1,"minecraft:iron_helmet":1,"minecraft:spruce_door":3,"minecraft:birch_planks":8,"minecraft:stone_axe":2,"minecraft:bread":83,"minecraft:air":0,"minecraft:oak_boat":1,"minecraft:stick":12,"minecraft:iron_ingot":38,"minecraft:stone_sword":3,"minecraft:iron_shovel":1,"minecraft:white_bed":1,"minecraft:shears":2},"minecraft:used":{"neapolitan:strawberries":3,"minecraft:jack_o_lantern":1,"minecraft:stone_sword":250,"minecraft:iron_shovel":136,"ecologics:walnut_log":1,"minecraft:spruce_slab":50,"minecraft:stone_shovel":337,"minecraft:chest":4,"minecraft:spruce_planks":301,"minecraft:shield":91,"minecraft:rotten_flesh":6,"minecraft:torch":2,"minecraft:dirt":158,"minecraft:spruce_stairs":11,"minecraft:granite":8,"minecraft:bamboo":107,"minecraft:beef":2,"minecraft:sweet_berries":5,"minecraft:furnace":8,"minecraft:cooked_beef":3,"minecraft:cobbled_deepslate":38,"minecraft:spruce_door":3,"minecraft:stone_pickaxe":435,"minecraft:oak_planks":57,"minecraft:wooden_pickaxe":42,"minecraft:oak_leaves":95,"minecraft:crafting_table":10,"minecraft:white_bed":1,"minecraft:shears":235,"minecraft:spruce_log":3,"minecraft:oak_log":10,"minecraft:apple":4,"minecraft:dark_oak_log":2,"minecraft:bread":12,"minecraft:lectern":1,"minecraft:spruce_sapling":14,"minecraft:stone_axe":207,"minecraft:cobblestone":54,"minecraft:purple_bed":3,"minecraft:cooked_porkchop":13,"minecraft:andesite":17,"minecraft:birch_log":1,"minecraft:glass_pane":113,"minecraft:oak_boat":1,"alexsmobs:animal_dictionary":1,"minecraft:bone_meal":7},"minecraft:picked_up":{"minecraft:crafting_table":8,"minecraft:iron_chestplate":1,"minecraft:azure_bluet":1,"minecraft:chicken":2,"minecraft:smithing_table":1,"minecraft:lead":2,"minecraft:shield":1,"minecraft:cornflower":1,"animalium:bear_meat":1,"minecraft:iron_leggings":1,"animalium:bear_claw":1,"minecraft:cobbled_deepslate":38,"minecraft:spruce_planks":53,"minecraft:beef":5,"minecraft:poppy":4,"minecraft:spruce_slab":11,"minecraft:lectern":1,"minecraft:furnace":5,"minecraft:egg":3,"mca:wedding_ring":2,"minecraft:stick":36,"minecraft:raw_iron":63,"ecologics:walnut_log":1,"ecologics:coconut_slice":2,"minecraft:torch":3,"minecraft:spruce_stairs":1,"minecraft:porkchop":25,"minecraft:diorite":6,"minecraft:stone_sword":1,"minecraft:arrow":10,"minecraft:rotten_flesh":8,"minecraft:hay_block":28,"minecraft:mutton":3,"minecraft:cobblestone":283,"minecraft:white_wool":4,"minecraft:stripped_oak_log":1,"minecraft:birch_log":3,"minecraft:birch_leaves":5,"ecologics:walnut":3,"minecraft:feather":2,"minecraft:cooked_beef":3,"minecraft:glow_ink_sac":4,"minecraft:andesite":24,"minecraft:leather":6,"minecraft:flint":1,"minecraft:oak_log":48,"minecraft:gunpowder":2,"minecraft:lapis_lazuli":29,"minecraft:dirt":379,"minecraft:bone":5,"minecraft:apple":4,"neapolitan:adzuki_beans":1,"minecraft:wheat_seeds":13,"minecraft:iron_ingot":4,"minecraft:bamboo":537,"minecraft:oak_planks":3,"minecraft:book":12,"mca:matchmakers_ring":2,"minecraft:pumpkin":6,"minecraft:cooked_porkchop":2,"minecraft:sweet_berries":33,"minecraft:dandelion":14,"minecraft:gravel":3,"minecraft:sand":113,"minecraft:spruce_sapling":47,"minecraft:white_bed":1,"minecraft:spruce_log":183,"minecraft:dark_oak_log":2,"minecraft:spruce_door":1,"neapolitan:strawberries":29,"minecraft:purple_bed":3,"minecraft:diamond":1,"minecraft:granite":8,"minecraft:grass":3,"minecraft:jack_o_lantern":1,"minecraft:oak_sapling":10,"minecraft:black_wool":1,"minecraft:oak_leaves":207,"minecraft:coal":62},"minecraft:killed":{"minecraft:spider":1,"minecraft:skeleton":8,"animalium:piranha":2,"minecraft:chicken":1,"animalium:bear":1,"minecraft:pig":14,"minecraft:wandering_trader":1,"minecraft:creeper":1,"minecraft:sheep":3,"minecraft:trader_llama":2,"minecraft:zombie":7,"minecraft:cow":2},"minecraft:custom":{"minecraft:mob_kills":43,"minecraft:interact_with_crafting_table":42,"minecraft:leave_game":7,"minecraft:time_since_death":106226,"minecraft:sprint_one_cm":410673,"minecraft:walk_one_cm":492659,"minecraft:damage_blocked_by_shield":1215,"minecraft:drop":16,"minecraft:talked_to_villager":5,"minecraft:play_time":160839,"minecraft:sneak_time":18001,"minecraft:deaths":4,"minecraft:walk_under_water_one_cm":11949,"minecraft:boat_one_cm":21794,"minecraft:jump":2948,"minecraft:walk_on_water_one_cm":30056,"minecraft:total_world_time":160839,"minecraft:interact_with_furnace":66,"minecraft:sleep_in_bed":10,"minecraft:time_since_rest":6550,"minecraft:damage_taken":2805,"minecraft:damage_dealt":7601,"minecraft:swim_one_cm":72359,"minecraft:fly_one_cm":681315,"minecraft:open_chest":98,"minecraft:crouch_one_cm":74852,"minecraft:fall_one_cm":73384},"minecraft:mined":{"minecraft:spruce_planks":23,"minecraft:white_bed":1,"minecraft:dark_oak_log":2,"minecraft:jack_o_lantern":1,"gravestone:gravestone":4,"minecraft:granite":8,"minecraft:grass_block":184,"neapolitan:adzuki_sprouts":1,"minecraft:spruce_leaves":11,"minecraft:large_fern":1,"minecraft:hay_block":28,"minecraft:spruce_sapling":6,"minecraft:furnace":4,"minecraft:iron_ore":60,"minecraft:andesite":24,"minecraft:pumpkin":6,"treechop:chopped_log":10,"minecraft:deepslate_lapis_ore":4,"minecraft:azure_bluet":1,"minecraft:bookshelf":4,"minecraft:deepslate_iron_ore":1,"minecraft:flowering_azalea_leaves":1,"minecraft:bamboo_sapling":3,"minecraft:bamboo":75,"minecraft:stone":261,"minecraft:spruce_slab":10,"minecraft:podzol":77,"minecraft:smithing_table":1,"minecraft:glass_pane":11,"minecraft:dandelion":5,"minecraft:spruce_door":1,"minecraft:crafting_table":6,"minecraft:poppy":1,"mysticaloaktree:wise_oak":1,"minecraft:lectern":1,"minecraft:tall_grass":17,"minecraft:cobblestone":1,"minecraft:lapis_ore":2,"minecraft:oak_planks":3,"minecraft:diorite":3,"minecraft:wall_torch":1,"mca:cross_headstone":1,"minecraft:spruce_stairs":1,"minecraft:purple_bed":3,"minecraft:birch_log":3,"minecraft:spruce_log":14,"minecraft:birch_leaves":9,"minecraft:grass":148,"minecraft:oak_log":5,"minecraft:coal_ore":39,"minecraft:gravel":2,"minecraft:sand":113,"minecraft:dirt":119,"minecraft:oak_leaves":241,"minecraft:deepslate":40,"minecraft:fern":13}},"DataVersion":3465}