{"stats":{"minecraft:custom":{"minecraft:interact_with_crafting_table":92,"minecraft:leave_game":8,"minecraft:time_since_death":139348,"minecraft:sprint_one_cm":1148041,"minecraft:damage_blocked_by_shield":5055,"minecraft:drop":79,"minecraft:talked_to_villager":5,"minecraft:play_time":416008,"minecraft:deaths":16,"minecraft:jump":9734,"minecraft:walk_on_water_one_cm":62238,"minecraft:interact_with_furnace":119,"minecraft:sleep_in_bed":24,"minecraft:damage_dealt":24450,"minecraft:player_kills":1,"minecraft:crouch_one_cm":159695,"minecraft:horse_one_cm":2295,"minecraft:mob_kills":149,"minecraft:damage_dealt_resisted":131,"minecraft:climb_one_cm":1380,"adorn:sit_on_chair":3,"minecraft:walk_one_cm":1151515,"minecraft:damage_dealt_absorbed":120,"minecraft:sneak_time":39315,"minecraft:walk_under_water_one_cm":26845,"minecraft:boat_one_cm":143775,"minecraft:total_world_time":416008,"minecraft:interact_with_stonecutter":1,"minecraft:time_since_rest":5651,"minecraft:damage_taken":10915,"minecraft:trigger_trapped_chest":1,"minecraft:swim_one_cm":91966,"minecraft:fly_one_cm":1887836,"minecraft:open_chest":389,"minecraft:fall_one_cm":237016},"minecraft:mined":{"minecraft:large_amethyst_bud":2,"minecraft:spruce_planks":41,"minecraft:white_bed":1,"minecraft:mossy_stone_brick_slab":1,"minecraft:jungle_leaves":1,"minecraft:carved_pumpkin":6,"minecraft:obsidian":20,"minecraft:granite":36,"minecraft:budding_amethyst":2,"minecraft:grass_block":214,"iceandfire:lectern":1,"rats:rat_trap":1,"minecraft:iron_ore":63,"minecraft:cobbled_deepslate":2,"minecraft:pumpkin":6,"minecraft:deepslate_lapis_ore":4,"minecraft:azure_bluet":2,"minecraft:red_tulip":4,"minecraft:flowering_azalea_leaves":1,"minecraft:dirt_path":1,"minecraft:pink_tulip":2,"minecraft:spruce_slab":18,"minecraft:tripwire":1,"minecraft:deepslate_redstone_ore":1,"minecraft:amethyst_cluster":10,"minecraft:clay":1,"minecraft:poppy":1,"minecraft:cobblestone":9,"minecraft:sugar_cane":36,"minecraft:oak_planks":10,"rats:trash_can":1,"minecraft:wall_torch":2,"minecraft:amethyst_block":4,"mca:cross_headstone":1,"minecraft:chain":2,"minecraft:mud":1,"minecraft:birch_log":3,"minecraft:lilac":3,"minecraft:grass":247,"minecraft:oak_log":13,"minecraft:sand":124,"minecraft:dirt":157,"minecraft:oak_leaves":266,"minecraft:deepslate":88,"minecraft:crying_obsidian":4,"minecraft:tuff":6,"iceandfire:silver_ore":5,"minecraft:deepslate_diamond_ore":9,"minecraft:dark_oak_log":2,"minecraft:jack_o_lantern":3,"gravestone:gravestone":17,"minecraft:spruce_fence":3,"neapolitan:adzuki_sprouts":1,"minecraft:spruce_leaves":15,"minecraft:kelp":1,"minecraft:large_fern":1,"minecraft:hay_block":52,"minecraft:spruce_sapling":6,"minecraft:furnace":4,"minecraft:carrots":1,"minecraft:andesite":28,"treechop:chopped_log":11,"minecraft:bookshelf":4,"minecraft:deepslate_iron_ore":4,"minecraft:vine":1,"minecraft:bamboo_sapling":3,"iceandfire:frost_lily":1,"minecraft:bamboo":160,"minecraft:stone":1077,"sophisticatedbackpacks:backpack":1,"minecraft:podzol":77,"minecraft:smithing_table":1,"minecraft:glass_pane":11,"minecraft:stone_brick_slab":11,"minecraft:spruce_door":1,"minecraft:dandelion":5,"minecraft:crafting_table":7,"mysticaloaktree:wise_oak":1,"minecraft:rose_bush":1,"minecraft:lectern":1,"minecraft:tall_grass":28,"minecraft:copper_ore":3,"rats:rat_cage":1,"rats:garbage_pile":1,"minecraft:lapis_ore":2,"minecraft:diorite":67,"minecraft:spruce_stairs":5,"minecraft:purple_bed":3,"minecraft:sweet_berry_bush":2,"minecraft:spruce_log":14,"minecraft:birch_leaves":11,"minecraft:coal_ore":65,"minecraft:gravel":2,"minecraft:cobweb":1,"minecraft:fern":21},"minecraft:killed":{"animalium:wild_dog":1,"minecraft:witch":1,"iceandfire:gorgon":1,"minecraft:spider":7,"animalium:rat":2,"naturalist:snail":1,"minecraft:skeleton":18,"animalium:piranha":29,"minecraft:chicken":1,"minecraft:pig":14,"untamedwilds:boar":1,"minecraft:creeper":3,"minecraft:sheep":3,"minecraft:trader_llama":2,"minecraft:zombie":22,"enemyexpansion:vampire":1,"untamedwilds:bison":3,"minecraft:cow":2,"mca:male_zombie_villager":1,"minecraft:slime":14,"enemyexpansion:direwolf":4,"naturalist:coral_snake":1,"minecraft:horse":2,"animalium:bear":1,"alexsmobs:flying_fish":3,"enemyexpansion:troll":1,"minecraft:wandering_trader":1,"iceandfire:ghost":3,"minecraft:enderman":1},"minecraft:killed_by":{"minecraft:creeper":1,"iceandfire:sea_serpent":1,"minecraft:zombie":1,"enemyexpansion:vampflyer":1,"enemyexpansion:invisicreeper":1,"untamedwilds:terror_bird":1,"minecraft:player":1,"enemyexpansion:trollenraged":1,"animalium:piranha":6,"minecraft:skeleton":2},"minecraft:broken":{"minecraft:shears":1,"minecraft:stone_pickaxe":7,"minecraft:stone_axe":1,"minecraft:iron_sword":1,"minecraft:stone_shovel":2,"minecraft:stone_sword":3,"minecraft:wooden_pickaxe":1,"minecraft:shield":2,"minecraft:iron_pickaxe":1,"minecraft:iron_helmet":1},"minecraft:picked_up":{"minecraft:iron_chestplate":1,"rats:trash_can":1,"minecraft:smithing_table":1,"minecraft:lead":2,"minecraft:amethyst_block":9,"minecraft:string":11,"minecraft:raw_copper":10,"animalium:bear_meat":1,"minecraft:iron_leggings":1,"minecraft:cobbled_deepslate":97,"minecraft:bucket":1,"iceandfire:frost_lily":1,"minecraft:spruce_planks":71,"minecraft:rose_bush":1,"minecraft:calcite":1,"minecraft:furnace":5,"mca:wedding_ring":3,"minecraft:stick":55,"ecologics:walnut_log":1,"minecraft:torch":4,"ecologics:coconut_seedling":2,"minecraft:spruce_stairs":5,"minecraft:porkchop":25,"minecraft:diorite":70,"minecraft:stone_sword":2,"minecraft:rotten_flesh":30,"ecologics:coconut_log":4,"minecraft:red_tulip":8,"minecraft:carved_pumpkin":6,"animalium:rat_meat":1,"minecraft:obsidian":19,"alexsmobs:flying_fish":7,"minecraft:cobblestone":1116,"minecraft:birch_log":3,"ecologics:walnut":3,"minecraft:cooked_beef":3,"minecraft:feather":4,"minecraft:lilac":3,"minecraft:andesite":29,"minecraft:flint":2,"minecraft:tuff":5,"minecraft:lapis_lazuli":29,"minecraft:dirt":442,"minecraft:name_tag":1,"minecraft:bone":18,"minecraft:bow":2,"minecraft:wheat_seeds":33,"minecraft:bamboo":1280,"minecraft:oak_planks":50,"minecraft:cooked_porkchop":2,"mca:matchmakers_ring":2,"iceandfire:dragon_skull_fire":1,"minecraft:sand":124,"minecraft:dark_oak_log":2,"neapolitan:strawberries":29,"minecraft:diamond":62,"iceandfire:lectern":1,"minecraft:granite":52,"minecraft:grass":3,"iceandfire:gorgon_head":1,"minecraft:jack_o_lantern":3,"minecraft:oak_sapling":11,"minecraft:oak_leaves":207,"iceandfire:raw_silver":5,"rats:rat_trap":1,"minecraft:mud":1,"minecraft:crafting_table":9,"minecraft:azure_bluet":2,"minecraft:chicken":3,"minecraft:clay_ball":4,"minecraft:chain":2,"gravestone:obituary":4,"minecraft:shield":2,"minecraft:cornflower":1,"animalium:bear_claw":1,"minecraft:beef":10,"minecraft:oak_boat":2,"minecraft:poppy":4,"minecraft:spruce_slab":20,"minecraft:lectern":1,"minecraft:sugar_cane":69,"minecraft:egg":4,"minecraft:raw_iron":72,"iceandfire:dragonbone":26,"rats:plastic_waste":1,"ecologics:coconut_slice":4,"minecraft:spruce_fence":3,"sophisticatedbackpacks:backpack":3,"minecraft:carrot":4,"minecraft:redstone":5,"iceandfire:dragon_skull_ice":1,"minecraft:arrow":21,"minecraft:hay_block":52,"minecraft:pink_tulip":3,"rats:rat_cage":1,"minecraft:mutton":3,"minecraft:white_wool":4,"minecraft:oxeye_daisy":2,"minecraft:stripped_oak_log":1,"minecraft:birch_leaves":5,"minecraft:glow_ink_sac":4,"minecraft:leather":18,"minecraft:oak_log":59,"iceandfire:ectoplasm":1,"animalium:piranha_steak":2,"minecraft:golden_boots":1,"minecraft:gunpowder":12,"untamedwilds:material_fat":4,"minecraft:apple":5,"neapolitan:adzuki_beans":1,"minecraft:kelp":2,"minecraft:stone_pickaxe":1,"minecraft:iron_ingot":26,"minecraft:book":12,"minecraft:sweet_berries":33,"minecraft:pumpkin":6,"minecraft:stone_brick_slab":25,"minecraft:dandelion":14,"minecraft:gravel":12,"minecraft:amethyst_shard":20,"minecraft:spruce_sapling":47,"minecraft:white_bed":1,"minecraft:spruce_log":183,"minecraft:crying_obsidian":4,"minecraft:spruce_door":1,"minecraft:mossy_stone_brick_slab":1,"minecraft:spider_eye":2,"minecraft:pumpkin_seeds":24,"minecraft:purple_bed":3,"minecraft:slime_ball":13,"minecraft:black_wool":1,"minecraft:coal":93},"minecraft:used":{"iceandfire:lectern":1,"neapolitan:strawberries":4,"minecraft:jack_o_lantern":9,"minecraft:iron_shovel":166,"minecraft:spruce_slab":134,"minecraft:chest":11,"minecraft:shield":137,"minecraft:iron_sword":329,"ecologics:coconut_planks":1,"minecraft:rotten_flesh":6,"minecraft:carrot":6,"minecraft:tuff":5,"minecraft:obsidian":1,"minecraft:bow":8,"minecraft:sweet_berries":31,"minecraft:oak_sapling":1,"minecraft:furnace":8,"minecraft:egg":1,"minecraft:golden_boots":1,"minecraft:spruce_door":3,"minecraft:stone_pickaxe":892,"minecraft:oak_planks":88,"minecraft:wooden_pickaxe":42,"minecraft:sugar_cane":19,"minecraft:oak_leaves":95,"iceandfire:silver_axe":26,"minecraft:shears":241,"sophisticatedbackpacks:backpack":1,"minecraft:dark_oak_log":2,"minecraft:string":1,"minecraft:bread":109,"minecraft:lectern":1,"minecraft:gravel":6,"minecraft:lilac":3,"ecologics:coconut_slice":2,"adorn:oak_table":3,"iceandfire:dragon_skull_fire":1,"minecraft:andesite":19,"minecraft:birch_log":1,"minecraft:oak_boat":6,"rats:trash_can":1,"minecraft:bone_meal":13,"minecraft:stone_sword":400,"ecologics:walnut_log":1,"minecraft:stone_shovel":347,"minecraft:spruce_planks":513,"minecraft:torch":13,"minecraft:dirt":170,"minecraft:spruce_stairs":49,"iceandfire:armor_silver_metal_helmet":1,"minecraft:granite":8,"minecraft:spruce_fence":51,"minecraft:stone_brick_slab":182,"minecraft:bookshelf":4,"minecraft:red_tulip":4,"minecraft:iron_boots":2,"minecraft:bamboo":113,"adorn:oak_chair":2,"minecraft:beef":2,"minecraft:cooked_beef":3,"minecraft:cobbled_deepslate":97,"minecraft:pumpkin":6,"minecraft:pink_tulip":3,"animalium:rat_meat_cooked":1,"minecraft:cobblestone_slab":84,"minecraft:crafting_table":17,"minecraft:white_bed":1,"minecraft:spruce_log":3,"alexsmobs:flying_fish":3,"minecraft:oak_log":10,"minecraft:oxeye_daisy":1,"minecraft:diamond_pickaxe":324,"minecraft:apple":5,"minecraft:iron_pickaxe":301,"minecraft:spruce_sapling":14,"minecraft:stone_axe":208,"enchantinginfuser:enchanting_infuser":1,"minecraft:cobblestone":148,"minecraft:purple_bed":3,"ecologics:coconut_log":2,"minecraft:cooked_porkchop":20,"minecraft:glass_pane":113,"alexsmobs:animal_dictionary":1},"minecraft:dropped":{"minecraft:diamond":52,"minecraft:cooked_porkchop":1,"iceandfire:ectoplasm":1,"neapolitan:adzuki_beans":1,"gravestone:obituary":18,"minecraft:rotten_flesh":9,"minecraft:oak_planks":1,"minecraft:cooked_mutton":3,"minecraft:poppy":1,"minecraft:gunpowder":2,"mca:book_infection":1,"minecraft:arrow":1,"minecraft:bread":17,"minecraft:wheat_seeds":5,"ecologics:coconut_seedling":2,"minecraft:feather":4,"minecraft:cobblestone":11,"minecraft:stick":2,"mca:wedding_ring":2,"minecraft:string":7,"minecraft:stone_sword":2,"minecraft:raw_iron":1,"sophisticatedbackpacks:backpack":2,"minecraft:spruce_planks":29,"minecraft:diamond_pickaxe":1,"minecraft:andesite":2,"minecraft:bamboo":4,"minecraft:stone_pickaxe":1,"minecraft:calcite":1},"minecraft:crafted":{"minecraft:oak_planks":208,"minecraft:cobblestone_slab":192,"minecraft:cooked_chicken":5,"minecraft:stone":120,"minecraft:bookshelf":4,"minecraft:cooked_mutton":3,"minecraft:spruce_pressure_plate":1,"minecraft:glass":102,"minecraft:stone_brick_slab":240,"minecraft:iron_boots":2,"minecraft:chest":11,"minecraft:stone_bricks":120,"iceandfire:silver_axe":1,"minecraft:oak_slab":6,"animalium:rat_meat_cooked":1,"adorn:oak_chair":2,"minecraft:cooked_porkchop":19,"enchantinginfuser:enchanting_infuser":1,"minecraft:crafting_table":10,"minecraft:spruce_planks":864,"minecraft:wooden_pickaxe":1,"minecraft:iron_helmet":1,"minecraft:spruce_door":3,"minecraft:birch_planks":8,"minecraft:iron_chestplate":1,"minecraft:book":15,"minecraft:paper":45,"minecraft:diamond_pickaxe":2,"minecraft:charcoal":4,"minecraft:stick":96,"minecraft:iron_ingot":89,"minecraft:iron_pickaxe":1,"minecraft:stone_sword":4,"minecraft:shears":3,"minecraft:stone_shovel":4,"ecologics:coconut_planks":8,"minecraft:furnace":4,"minecraft:jack_o_lantern":6,"minecraft:bone_meal":27,"minecraft:spruce_fence":51,"minecraft:flint_and_steel":1,"minecraft:glass_pane":128,"minecraft:spruce_stairs":76,"minecraft:spruce_slab":114,"minecraft:stone_pickaxe":9,"minecraft:wheat":432,"iceandfire:silver_ingot":8,"minecraft:enchanting_table":1,"adorn:oak_table":3,"minecraft:iron_sword":2,"minecraft:stone_axe":2,"minecraft:bread":142,"minecraft:air":0,"minecraft:oak_boat":4,"iceandfire:armor_silver_metal_helmet":1,"minecraft:iron_shovel":1,"minecraft:iron_leggings":1,"minecraft:white_bed":1,"minecraft:torch":16}},"DataVersion":3465}