{"stats":{"minecraft:mined":{"minecraft:spruce_planks":1,"minecraft:white_bed":1,"minecraft:jack_o_lantern":1,"gravestone:gravestone":4,"minecraft:granite":5,"minecraft:grass_block":49,"neapolitan:adzuki_sprouts":1,"minecraft:spruce_leaves":5,"minecraft:large_fern":1,"minecraft:hay_block":1,"minecraft:spruce_sapling":6,"minecraft:furnace":1,"minecraft:iron_ore":52,"minecraft:andesite":13,"minecraft:pumpkin":6,"treechop:chopped_log":8,"minecraft:flowering_azalea_leaves":1,"minecraft:stone":186,"minecraft:crafting_table":5,"minecraft:poppy":1,"mysticaloaktree:wise_oak":1,"minecraft:tall_grass":1,"minecraft:lapis_ore":2,"minecraft:diorite":3,"minecraft:purple_bed":3,"minecraft:birch_log":3,"minecraft:spruce_log":2,"minecraft:birch_leaves":9,"minecraft:grass":14,"minecraft:oak_log":4,"minecraft:coal_ore":21,"minecraft:gravel":2,"minecraft:sand":113,"minecraft:dirt":10,"minecraft:oak_leaves":227,"minecraft:fern":1},"minecraft:killed_by":{"animalium:piranha":4},"minecraft:broken":{"minecraft:stone_sword":1,"minecraft:shears":1,"minecraft:wooden_pickaxe":1,"minecraft:stone_pickaxe":2},"minecraft:picked_up":{"minecraft:crafting_table":7,"minecraft:iron_chestplate":1,"minecraft:chicken":2,"minecraft:shield":1,"animalium:bear_meat":1,"minecraft:iron_leggings":1,"animalium:bear_claw":1,"minecraft:spruce_planks":30,"minecraft:beef":5,"minecraft:poppy":2,"minecraft:furnace":2,"minecraft:stick":13,"minecraft:raw_iron":54,"ecologics:walnut_log":1,"ecologics:coconut_slice":2,"minecraft:torch":1,"minecraft:porkchop":25,"minecraft:diorite":6,"minecraft:stone_sword":1,"minecraft:arrow":8,"minecraft:rotten_flesh":8,"minecraft:hay_block":1,"minecraft:mutton":3,"minecraft:white_wool":4,"minecraft:cobblestone":202,"minecraft:birch_log":3,"minecraft:birch_leaves":5,"minecraft:feather":2,"minecraft:cooked_beef":3,"minecraft:glow_ink_sac":1,"minecraft:andesite":13,"minecraft:leather":2,"minecraft:flint":1,"minecraft:oak_log":31,"minecraft:gunpowder":2,"minecraft:lapis_lazuli":11,"minecraft:dirt":59,"minecraft:bone":4,"minecraft:apple":4,"neapolitan:adzuki_beans":1,"minecraft:wheat_seeds":2,"minecraft:iron_ingot":4,"minecraft:cooked_porkchop":2,"minecraft:pumpkin":6,"minecraft:sweet_berries":33,"minecraft:gravel":3,"minecraft:sand":113,"minecraft:spruce_sapling":16,"minecraft:white_bed":1,"minecraft:spruce_log":22,"neapolitan:strawberries":29,"minecraft:purple_bed":3,"minecraft:granite":5,"minecraft:grass":3,"minecraft:jack_o_lantern":1,"minecraft:oak_sapling":8,"minecraft:black_wool":1,"minecraft:coal":44,"minecraft:oak_leaves":207},"minecraft:dropped":{"minecraft:wheat_seeds":1,"minecraft:cooked_porkchop":1,"minecraft:feather":2,"minecraft:cobblestone":8,"neapolitan:adzuki_beans":1,"gravestone:obituary":3,"minecraft:stone_sword":1,"minecraft:cooked_mutton":3,"minecraft:poppy":1,"minecraft:spruce_planks":29},"minecraft:killed":{"minecraft:spider":1,"minecraft:skeleton":7,"animalium:piranha":2,"minecraft:chicken":1,"animalium:bear":1,"minecraft:pig":14,"minecraft:creeper":1,"minecraft:sheep":3,"minecraft:zombie":6,"minecraft:cow":2},"minecraft:used":{"minecraft:stone_sword":129,"minecraft:iron_shovel":136,"ecologics:walnut_log":1,"minecraft:spruce_planks":93,"minecraft:chest":1,"minecraft:shield":62,"minecraft:rotten_flesh":6,"minecraft:torch":1,"minecraft:dirt":10,"minecraft:granite":5,"minecraft:beef":2,"minecraft:sweet_berries":5,"minecraft:furnace":4,"minecraft:cooked_beef":3,"minecraft:stone_pickaxe":268,"minecraft:oak_planks":6,"minecraft:wooden_pickaxe":42,"minecraft:crafting_table":9,"minecraft:shears":235,"minecraft:oak_log":1,"minecraft:apple":4,"minecraft:spruce_sapling":10,"minecraft:stone_axe":82,"minecraft:cobblestone":21,"minecraft:purple_bed":2,"minecraft:cooked_porkchop":8,"minecraft:andesite":13,"minecraft:birch_log":1,"alexsmobs:animal_dictionary":1,"minecraft:oak_boat":1,"minecraft:bone_meal":4},"minecraft:custom":{"minecraft:mob_kills":38,"minecraft:interact_with_crafting_table":19,"minecraft:leave_game":4,"minecraft:time_since_death":28911,"minecraft:sprint_one_cm":212450,"minecraft:walk_one_cm":243463,"minecraft:damage_blocked_by_shield":1095,"minecraft:drop":14,"minecraft:play_time":83524,"minecraft:deaths":4,"minecraft:sneak_time":9638,"minecraft:walk_under_water_one_cm":10714,"minecraft:boat_one_cm":21794,"minecraft:jump":1748,"minecraft:walk_on_water_one_cm":24268,"minecraft:total_world_time":83524,"minecraft:interact_with_furnace":30,"minecraft:sleep_in_bed":3,"minecraft:time_since_rest":1010,"minecraft:damage_taken":2113,"minecraft:damage_dealt":6451,"minecraft:swim_one_cm":72277,"minecraft:fly_one_cm":418898,"minecraft:open_chest":13,"minecraft:crouch_one_cm":33060,"minecraft:fall_one_cm":44450},"minecraft:crafted":{"minecraft:oak_planks":124,"minecraft:cooked_chicken":5,"minecraft:furnace":4,"minecraft:bone_meal":21,"minecraft:cooked_mutton":3,"minecraft:stone_pickaxe":3,"minecraft:chest":1,"minecraft:cooked_porkchop":11,"minecraft:crafting_table":2,"minecraft:spruce_planks":120,"minecraft:wooden_pickaxe":1,"minecraft:iron_helmet":1,"minecraft:birch_planks":8,"minecraft:stone_axe":1,"minecraft:air":0,"minecraft:oak_boat":1,"minecraft:stick":8,"minecraft:iron_ingot":6,"minecraft:stone_sword":1,"minecraft:iron_shovel":1,"minecraft:white_bed":1,"minecraft:shears":2}},"DataVersion":3465}