{"stats":{"minecraft:mined":{"minecraft:jack_o_lantern":1,"minecraft:crafting_table":5,"gravestone:gravestone":4,"minecraft:granite":5,"minecraft:grass_block":11,"minecraft:poppy":1,"mysticaloaktree:wise_oak":1,"neapolitan:adzuki_sprouts":1,"minecraft:tall_grass":1,"minecraft:spruce_leaves":5,"minecraft:lapis_ore":2,"minecraft:diorite":3,"minecraft:large_fern":1,"minecraft:purple_bed":2,"minecraft:spruce_sapling":3,"minecraft:furnace":1,"minecraft:birch_log":3,"minecraft:iron_ore":52,"minecraft:spruce_log":2,"minecraft:birch_leaves":3,"minecraft:andesite":13,"minecraft:pumpkin":6,"treechop:chopped_log":8,"minecraft:grass":8,"minecraft:coal_ore":21,"minecraft:oak_log":4,"minecraft:flowering_azalea_leaves":1,"minecraft:gravel":2,"minecraft:dirt":10,"minecraft:stone":186,"minecraft:oak_leaves":1,"minecraft:fern":1},"minecraft:killed_by":{"animalium:piranha":4},"minecraft:picked_up":{"minecraft:birch_log":3,"minecraft:iron_chestplate":1,"minecraft:crafting_table":7,"minecraft:feather":2,"minecraft:cooked_beef":3,"minecraft:chicken":2,"minecraft:glow_ink_sac":1,"minecraft:andesite":13,"minecraft:leather":2,"minecraft:flint":1,"minecraft:oak_log":31,"minecraft:shield":1,"minecraft:gunpowder":2,"minecraft:lapis_lazuli":11,"minecraft:dirt":21,"minecraft:iron_leggings":1,"minecraft:bone":4,"neapolitan:adzuki_beans":1,"minecraft:apple":4,"minecraft:wheat_seeds":2,"minecraft:beef":5,"minecraft:poppy":2,"minecraft:furnace":2,"minecraft:stick":13,"minecraft:raw_iron":54,"minecraft:pumpkin":6,"minecraft:cooked_porkchop":2,"minecraft:sweet_berries":33,"minecraft:torch":1,"minecraft:gravel":3,"minecraft:porkchop":25,"minecraft:spruce_sapling":6,"minecraft:diorite":6,"minecraft:spruce_log":22,"minecraft:purple_bed":2,"minecraft:stone_sword":1,"minecraft:arrow":7,"minecraft:rotten_flesh":6,"minecraft:granite":5,"minecraft:jack_o_lantern":1,"minecraft:oak_sapling":8,"minecraft:black_wool":1,"minecraft:mutton":3,"minecraft:coal":44,"minecraft:white_wool":3,"minecraft:cobblestone":202},"minecraft:broken":{"minecraft:stone_pickaxe":1},"minecraft:dropped":{"minecraft:wheat_seeds":1,"minecraft:stone_sword":1,"minecraft:cooked_porkchop":1,"minecraft:feather":2,"minecraft:cobblestone":8,"minecraft:cooked_mutton":3,"minecraft:poppy":1,"neapolitan:adzuki_beans":1,"gravestone:obituary":3},"minecraft:killed":{"minecraft:pig":14,"minecraft:spider":1,"minecraft:creeper":1,"minecraft:sheep":3,"minecraft:skeleton":6,"minecraft:zombie":6,"animalium:piranha":2,"minecraft:chicken":1,"minecraft:cow":2},"minecraft:used":{"minecraft:stone_sword":126,"minecraft:stone_pickaxe":261,"minecraft:oak_planks":6,"minecraft:shield":62,"minecraft:wooden_pickaxe":25,"minecraft:rotten_flesh":6,"minecraft:torch":1,"minecraft:dirt":10,"minecraft:crafting_table":8,"minecraft:granite":5,"minecraft:apple":2,"minecraft:spruce_sapling":6,"minecraft:stone_axe":82,"minecraft:cobblestone":21,"minecraft:beef":2,"minecraft:purple_bed":2,"minecraft:sweet_berries":5,"minecraft:furnace":4,"minecraft:cooked_porkchop":7,"minecraft:birch_log":1,"minecraft:andesite":13,"minecraft:oak_boat":1,"alexsmobs:animal_dictionary":1,"minecraft:cooked_beef":3},"minecraft:custom":{"minecraft:interact_with_furnace":29,"minecraft:mob_kills":36,"minecraft:interact_with_crafting_table":15,"minecraft:leave_game":4,"minecraft:time_since_death":16911,"minecraft:sleep_in_bed":2,"minecraft:time_since_rest":2763,"minecraft:sprint_one_cm":179283,"minecraft:damage_taken":2033,"minecraft:walk_one_cm":196280,"minecraft:damage_blocked_by_shield":1095,"minecraft:drop":13,"minecraft:damage_dealt":5941,"minecraft:swim_one_cm":72277,"minecraft:fly_one_cm":364113,"minecraft:open_chest":5,"minecraft:crouch_one_cm":24492,"minecraft:play_time":71524,"minecraft:deaths":4,"minecraft:sneak_time":7698,"minecraft:walk_under_water_one_cm":10714,"minecraft:boat_one_cm":21794,"minecraft:jump":1514,"minecraft:walk_on_water_one_cm":24217,"minecraft:total_world_time":71524,"minecraft:fall_one_cm":37886},"minecraft:crafted":{"minecraft:oak_planks":16,"minecraft:cooked_porkchop":11,"minecraft:crafting_table":1,"minecraft:spruce_planks":120,"minecraft:cooked_chicken":5,"minecraft:wooden_pickaxe":1,"minecraft:iron_helmet":1,"minecraft:furnace":2,"minecraft:birch_planks":8,"minecraft:stone_axe":1,"minecraft:cooked_mutton":3,"minecraft:air":0,"minecraft:oak_boat":1,"minecraft:stick":8,"minecraft:iron_ingot":6,"minecraft:stone_pickaxe":3,"minecraft:stone_sword":1}},"DataVersion":3465}