{"stats":{"minecraft:custom":{"minecraft:interact_with_crafting_table":111,"minecraft:leave_game":8,"minecraft:time_since_death":32984,"minecraft:sprint_one_cm":1374584,"minecraft:damage_blocked_by_shield":5055,"minecraft:drop":80,"minecraft:talked_to_villager":5,"minecraft:play_time":500008,"minecraft:deaths":17,"minecraft:jump":11159,"minecraft:walk_on_water_one_cm":70199,"minecraft:interact_with_furnace":152,"minecraft:sleep_in_bed":30,"minecraft:damage_dealt":26699,"minecraft:player_kills":1,"minecraft:crouch_one_cm":192211,"minecraft:horse_one_cm":2295,"minecraft:mob_kills":174,"minecraft:damage_dealt_resisted":131,"minecraft:climb_one_cm":1380,"adorn:sit_on_chair":3,"minecraft:walk_one_cm":1296813,"minecraft:damage_dealt_absorbed":120,"minecraft:sneak_time":46914,"minecraft:walk_under_water_one_cm":29158,"minecraft:boat_one_cm":143775,"minecraft:total_world_time":500008,"minecraft:interact_with_stonecutter":1,"minecraft:time_since_rest":8940,"minecraft:damage_taken":11951,"minecraft:trigger_trapped_chest":1,"minecraft:swim_one_cm":99611,"minecraft:fly_one_cm":2174110,"minecraft:open_chest":513,"minecraft:fall_one_cm":270132},"minecraft:mined":{"minecraft:large_amethyst_bud":2,"minecraft:spruce_planks":52,"minecraft:white_bed":1,"minecraft:oak_sapling":3,"minecraft:mossy_stone_brick_slab":1,"minecraft:jungle_leaves":1,"minecraft:carved_pumpkin":6,"minecraft:obsidian":27,"minecraft:granite":142,"minecraft:budding_amethyst":2,"minecraft:grass_block":226,"iceandfire:lectern":1,"minecraft:polished_diorite":1,"minecraft:crimson_fungus":1,"minecraft:weeping_vines_plant":1,"rats:rat_trap":1,"minecraft:iron_ore":77,"minecraft:cobbled_deepslate":2,"minecraft:pumpkin":6,"minecraft:deepslate_lapis_ore":6,"minecraft:azure_bluet":2,"minecraft:red_tulip":4,"minecraft:flowering_azalea_leaves":1,"minecraft:dirt_path":1,"minecraft:pink_tulip":2,"minecraft:spruce_slab":21,"minecraft:tripwire":1,"minecraft:deepslate_redstone_ore":8,"minecraft:crimson_nylium":5,"minecraft:amethyst_cluster":10,"minecraft:clay":1,"minecraft:poppy":1,"minecraft:cobblestone":10,"minecraft:sugar_cane":65,"minecraft:oak_planks":13,"rats:trash_can":1,"minecraft:wall_torch":5,"minecraft:amethyst_block":4,"mca:cross_headstone":1,"minecraft:chain":2,"minecraft:repeater":1,"minecraft:mud":1,"minecraft:birch_log":3,"minecraft:lilac":3,"minecraft:grass":276,"minecraft:oak_log":13,"minecraft:sand":124,"minecraft:dirt":180,"minecraft:netherrack":40,"minecraft:oak_leaves":272,"minecraft:deepslate":96,"minecraft:crying_obsidian":4,"minecraft:tuff":7,"iceandfire:silver_ore":5,"minecraft:deepslate_diamond_ore":9,"minecraft:dark_oak_log":2,"minecraft:jack_o_lantern":3,"gravestone:gravestone":18,"minecraft:spruce_fence":5,"neapolitan:adzuki_sprouts":1,"minecraft:crimson_roots":2,"minecraft:redstone_wire":23,"minecraft:spruce_leaves":19,"minecraft:kelp":1,"minecraft:large_fern":1,"minecraft:hay_block":52,"minecraft:redstone_ore":9,"minecraft:spruce_sapling":7,"minecraft:furnace":4,"minecraft:carrots":1,"minecraft:andesite":32,"treechop:chopped_log":24,"minecraft:bookshelf":4,"minecraft:shroomlight":1,"minecraft:deepslate_iron_ore":4,"minecraft:vine":1,"minecraft:bamboo_sapling":3,"iceandfire:frost_lily":1,"minecraft:bamboo":160,"minecraft:stone":1157,"sophisticatedbackpacks:backpack":1,"minecraft:podzol":77,"minecraft:smithing_table":1,"minecraft:glass_pane":11,"minecraft:stone_brick_slab":20,"minecraft:spruce_door":1,"minecraft:dandelion":9,"minecraft:crafting_table":8,"minecraft:spruce_button":3,"mysticaloaktree:wise_oak":1,"minecraft:rose_bush":1,"minecraft:lectern":1,"minecraft:tall_grass":42,"minecraft:copper_ore":5,"rats:rat_cage":1,"rats:garbage_pile":1,"minecraft:lapis_ore":2,"minecraft:diorite":365,"minecraft:spruce_stairs":5,"minecraft:purple_bed":3,"minecraft:sweet_berry_bush":2,"minecraft:spruce_log":15,"minecraft:birch_leaves":12,"minecraft:coal_ore":65,"minecraft:gravel":2,"minecraft:cobweb":1,"minecraft:stone_bricks":3,"minecraft:gold_ore":7,"minecraft:fern":21},"minecraft:killed":{"animalium:wild_dog":1,"minecraft:witch":1,"iceandfire:gorgon":1,"minecraft:spider":8,"animalium:rat":2,"naturalist:snail":1,"minecraft:skeleton":18,"animalium:piranha":30,"minecraft:chicken":1,"minecraft:piglin":1,"minecraft:pig":14,"untamedwilds:boar":1,"minecraft:creeper":3,"alexsmobs:crimson_mosquito":3,"minecraft:sheep":4,"minecraft:trader_llama":2,"minecraft:zombie":27,"enemyexpansion:vampire":1,"untamedwilds:bison":3,"minecraft:cow":2,"mca:male_zombie_villager":1,"minecraft:slime":25,"enemyexpansion:direwolf":4,"naturalist:coral_snake":1,"minecraft:horse":2,"animalium:bear":1,"alexsmobs:flying_fish":3,"enemyexpansion:troll":1,"minecraft:wandering_trader":1,"iceandfire:ghost":3,"minecraft:enderman":1},"minecraft:killed_by":{"minecraft:creeper":1,"iceandfire:sea_serpent":1,"minecraft:zombie":1,"enemyexpansion:vampflyer":1,"enemyexpansion:invisicreeper":2,"untamedwilds:terror_bird":1,"minecraft:player":1,"enemyexpansion:trollenraged":1,"animalium:piranha":6,"minecraft:skeleton":2},"minecraft:broken":{"minecraft:shears":1,"minecraft:stone_pickaxe":7,"minecraft:stone_axe":1,"minecraft:iron_sword":1,"minecraft:stone_shovel":2,"minecraft:stone_sword":3,"minecraft:wooden_pickaxe":1,"minecraft:shield":2,"minecraft:iron_pickaxe":1,"minecraft:iron_helmet":1},"minecraft:picked_up":{"minecraft:iron_chestplate":1,"rats:trash_can":1,"minecraft:smithing_table":1,"minecraft:lead":2,"minecraft:amethyst_block":9,"minecraft:string":11,"minecraft:raw_copper":10,"animalium:bear_meat":1,"minecraft:iron_leggings":1,"minecraft:shroomlight":1,"alexsmobs:blood_sac":3,"minecraft:cobbled_deepslate":105,"minecraft:bucket":1,"iceandfire:frost_lily":1,"minecraft:spruce_planks":82,"minecraft:rose_bush":1,"minecraft:calcite":1,"minecraft:furnace":5,"mca:wedding_ring":3,"minecraft:stick":90,"ecologics:walnut_log":1,"minecraft:torch":7,"ecologics:coconut_seedling":2,"minecraft:spruce_stairs":5,"minecraft:porkchop":25,"minecraft:diorite":367,"minecraft:stone_sword":2,"minecraft:rotten_flesh":32,"ecologics:coconut_log":4,"minecraft:red_tulip":8,"minecraft:carved_pumpkin":6,"animalium:rat_meat":1,"minecraft:obsidian":26,"alexsmobs:flying_fish":10,"minecraft:cobblestone":1196,"minecraft:birch_log":3,"ecologics:walnut":3,"minecraft:cooked_beef":3,"minecraft:feather":4,"minecraft:lilac":3,"minecraft:repeater":1,"minecraft:andesite":33,"minecraft:flint":2,"minecraft:tuff":6,"minecraft:lapis_lazuli":41,"minecraft:dirt":471,"minecraft:name_tag":1,"minecraft:bone":18,"minecraft:bow":2,"minecraft:wheat_seeds":38,"minecraft:raw_gold":7,"minecraft:bamboo":1280,"minecraft:oak_planks":53,"minecraft:cooked_porkchop":2,"mca:matchmakers_ring":2,"iceandfire:dragon_skull_fire":1,"minecraft:sand":124,"minecraft:dark_oak_log":2,"neapolitan:strawberries":62,"minecraft:diamond":62,"iceandfire:lectern":1,"minecraft:granite":143,"minecraft:grass":3,"minecraft:spruce_button":3,"iceandfire:gorgon_head":1,"minecraft:jack_o_lantern":3,"minecraft:oak_sapling":60,"minecraft:netherrack":44,"minecraft:crimson_roots":3,"minecraft:oak_leaves":207,"iceandfire:raw_silver":5,"rats:rat_trap":1,"minecraft:mud":1,"minecraft:crafting_table":10,"minecraft:azure_bluet":2,"minecraft:chicken":3,"minecraft:clay_ball":4,"minecraft:chain":2,"gravestone:obituary":4,"minecraft:shield":2,"minecraft:cornflower":1,"animalium:bear_claw":1,"minecraft:beef":10,"minecraft:oak_boat":2,"minecraft:poppy":4,"minecraft:spruce_slab":23,"minecraft:lectern":1,"minecraft:sugar_cane":122,"minecraft:birch_sapling":2,"minecraft:egg":4,"minecraft:raw_iron":86,"iceandfire:dragonbone":26,"rats:plastic_waste":1,"ecologics:coconut_slice":4,"minecraft:spruce_fence":5,"sophisticatedbackpacks:backpack":3,"minecraft:carrot":4,"minecraft:redstone":99,"iceandfire:dragon_skull_ice":1,"minecraft:weeping_vines":7,"minecraft:arrow":21,"minecraft:hay_block":52,"minecraft:pink_tulip":3,"rats:rat_cage":1,"minecraft:mutton":4,"minecraft:white_wool":5,"minecraft:oxeye_daisy":2,"minecraft:stripped_oak_log":1,"minecraft:birch_leaves":5,"minecraft:crimson_stem":12,"minecraft:glow_ink_sac":7,"minecraft:leather":18,"minecraft:crimson_fungus":1,"minecraft:oak_log":136,"minecraft:nether_wart_block":59,"iceandfire:ectoplasm":1,"animalium:piranha_steak":2,"minecraft:golden_boots":1,"minecraft:gunpowder":14,"minecraft:stone_bricks":3,"untamedwilds:material_fat":4,"minecraft:apple":10,"neapolitan:adzuki_beans":1,"minecraft:kelp":2,"minecraft:stone_pickaxe":1,"minecraft:iron_ingot":26,"minecraft:book":12,"minecraft:sweet_berries":33,"minecraft:pumpkin":6,"minecraft:stone_brick_slab":34,"minecraft:dandelion":18,"minecraft:gravel":12,"minecraft:amethyst_shard":20,"minecraft:spruce_sapling":67,"minecraft:white_bed":1,"minecraft:spruce_log":426,"minecraft:crying_obsidian":4,"minecraft:spruce_door":1,"minecraft:mossy_stone_brick_slab":1,"minecraft:spider_eye":2,"minecraft:pumpkin_seeds":24,"minecraft:purple_bed":3,"minecraft:slime_ball":20,"minecraft:polished_diorite":1,"minecraft:black_wool":1,"minecraft:coal":93},"minecraft:used":{"iceandfire:lectern":1,"neapolitan:strawberries":14,"minecraft:jack_o_lantern":9,"minecraft:iron_shovel":166,"minecraft:spruce_slab":134,"minecraft:chest":11,"minecraft:shield":137,"minecraft:iron_sword":400,"ecologics:coconut_planks":1,"minecraft:rotten_flesh":6,"minecraft:carrot":6,"minecraft:tuff":6,"minecraft:obsidian":22,"minecraft:stone_bricks":7,"minecraft:repeater":3,"minecraft:bow":8,"minecraft:sweet_berries":38,"minecraft:oak_sapling":37,"minecraft:furnace":8,"minecraft:egg":1,"minecraft:golden_boots":1,"minecraft:diorite":8,"minecraft:spruce_door":3,"minecraft:stone_pickaxe":892,"minecraft:oak_planks":91,"minecraft:wooden_pickaxe":42,"minecraft:sugar_cane":40,"minecraft:oak_leaves":95,"iceandfire:silver_axe":195,"minecraft:shears":241,"minecraft:sticky_piston":2,"minecraft:lever":1,"sophisticatedbackpacks:backpack":1,"minecraft:dark_oak_log":2,"minecraft:string":1,"minecraft:bread":110,"minecraft:lectern":1,"adorn:guide_book":1,"minecraft:gravel":6,"minecraft:lilac":3,"ecologics:coconut_slice":4,"adorn:oak_table":3,"iceandfire:dragon_skull_fire":1,"minecraft:andesite":22,"minecraft:birch_log":1,"minecraft:oak_boat":6,"rats:trash_can":1,"minecraft:bone_meal":41,"minecraft:stone_sword":400,"minecraft:flint_and_steel":2,"ecologics:walnut_log":1,"minecraft:stone_shovel":347,"minecraft:redstone":30,"minecraft:spruce_planks":599,"minecraft:cooked_chicken":1,"minecraft:netherrack":24,"minecraft:torch":24,"minecraft:dirt":170,"minecraft:spruce_stairs":49,"iceandfire:armor_silver_metal_helmet":1,"minecraft:granite":15,"minecraft:spruce_fence":53,"minecraft:polished_diorite":37,"minecraft:shroomlight":1,"minecraft:stone_brick_slab":192,"minecraft:bookshelf":8,"minecraft:red_tulip":4,"minecraft:spruce_button":3,"minecraft:iron_boots":2,"minecraft:bamboo":113,"adorn:oak_chair":2,"minecraft:beef":2,"ecologics:walnut":3,"minecraft:cooked_beef":8,"minecraft:cobbled_deepslate":105,"minecraft:pumpkin":6,"minecraft:pink_tulip":3,"animalium:rat_meat_cooked":1,"minecraft:cobblestone_slab":84,"minecraft:crafting_table":21,"minecraft:white_bed":1,"minecraft:spruce_log":3,"alexsmobs:flying_fish":3,"minecraft:oak_log":10,"minecraft:oxeye_daisy":1,"minecraft:diamond_pickaxe":932,"minecraft:apple":10,"minecraft:iron_pickaxe":301,"minecraft:spruce_trapdoor":20,"minecraft:spruce_sapling":27,"minecraft:stone_axe":208,"enchantinginfuser:enchanting_infuser":1,"minecraft:cobblestone":181,"minecraft:purple_bed":3,"ecologics:coconut_log":2,"minecraft:cooked_porkchop":20,"minecraft:glass_pane":113,"alexsmobs:animal_dictionary":1},"minecraft:dropped":{"minecraft:diamond":52,"minecraft:cooked_porkchop":1,"iceandfire:ectoplasm":1,"neapolitan:adzuki_beans":1,"gravestone:obituary":19,"minecraft:rotten_flesh":9,"minecraft:oak_planks":1,"minecraft:cooked_mutton":3,"minecraft:poppy":1,"minecraft:gunpowder":2,"mca:book_infection":1,"minecraft:arrow":1,"minecraft:bread":17,"minecraft:wheat_seeds":5,"ecologics:coconut_seedling":2,"minecraft:feather":4,"minecraft:cobblestone":11,"minecraft:stick":2,"mca:wedding_ring":2,"minecraft:string":7,"minecraft:stone_sword":2,"minecraft:raw_iron":1,"sophisticatedbackpacks:backpack":2,"minecraft:spruce_planks":29,"minecraft:diamond_pickaxe":1,"minecraft:andesite":2,"minecraft:bamboo":4,"minecraft:stone_pickaxe":1,"minecraft:calcite":1},"minecraft:crafted":{"minecraft:oak_planks":260,"minecraft:cobblestone_slab":192,"minecraft:cooked_chicken":6,"minecraft:stone":194,"minecraft:lever":1,"minecraft:bookshelf":8,"minecraft:cooked_mutton":3,"minecraft:spruce_pressure_plate":1,"minecraft:glass":102,"minecraft:stone_brick_slab":246,"minecraft:repeater":2,"minecraft:iron_boots":2,"minecraft:chest":11,"minecraft:stone_bricks":184,"iceandfire:silver_axe":1,"minecraft:oak_slab":6,"animalium:rat_meat_cooked":1,"adorn:oak_chair":2,"minecraft:cooked_porkchop":19,"enchantinginfuser:enchanting_infuser":1,"minecraft:crafting_table":12,"minecraft:spruce_planks":1324,"minecraft:wooden_pickaxe":1,"minecraft:iron_helmet":1,"minecraft:spruce_door":3,"minecraft:sticky_piston":2,"minecraft:birch_planks":8,"minecraft:spruce_trapdoor":24,"minecraft:iron_chestplate":1,"minecraft:book":15,"minecraft:paper":72,"minecraft:diamond_pickaxe":2,"minecraft:charcoal":4,"minecraft:stick":228,"minecraft:iron_ingot":92,"minecraft:iron_pickaxe":1,"minecraft:stone_sword":4,"minecraft:gold_ingot":2,"minecraft:redstone_torch":4,"minecraft:spruce_fence_gate":4,"minecraft:shears":3,"minecraft:stone_shovel":4,"minecraft:iron_nugget":2,"ecologics:coconut_planks":8,"minecraft:spruce_button":1,"minecraft:furnace":4,"minecraft:piston":2,"minecraft:jack_o_lantern":6,"minecraft:bone_meal":51,"minecraft:spruce_fence":57,"minecraft:flint_and_steel":2,"minecraft:glass_pane":128,"minecraft:spruce_stairs":76,"minecraft:polished_diorite":324,"minecraft:spruce_slab":114,"minecraft:stone_pickaxe":9,"minecraft:cooked_beef":5,"minecraft:wheat":432,"iceandfire:silver_ingot":8,"minecraft:enchanting_table":1,"adorn:oak_table":3,"minecraft:iron_sword":2,"minecraft:stone_axe":2,"minecraft:bread":143,"minecraft:air":0,"minecraft:oak_boat":4,"iceandfire:armor_silver_metal_helmet":1,"minecraft:iron_shovel":1,"minecraft:iron_leggings":1,"minecraft:white_bed":1,"minecraft:torch":24}},"DataVersion":3465}