{"stats":{"minecraft:mined":{"minecraft:crafting_table":4,"gravestone:gravestone":2,"minecraft:granite":4,"minecraft:grass_block":8,"minecraft:lapis_ore":2,"minecraft:birch_log":3,"minecraft:iron_ore":50,"minecraft:birch_leaves":3,"minecraft:andesite":13,"treechop:chopped_log":4,"minecraft:grass":2,"minecraft:coal_ore":21,"minecraft:oak_log":4,"minecraft:gravel":2,"minecraft:dirt":10,"minecraft:stone":169,"minecraft:oak_leaves":1},"minecraft:killed_by":{"animalium:piranha":2},"minecraft:picked_up":{"minecraft:birch_log":3,"minecraft:iron_chestplate":1,"minecraft:crafting_table":6,"minecraft:cooked_beef":3,"minecraft:glow_ink_sac":1,"minecraft:andesite":13,"minecraft:leather":2,"minecraft:flint":1,"minecraft:oak_log":27,"minecraft:shield":1,"minecraft:lapis_lazuli":11,"minecraft:dirt":18,"minecraft:iron_leggings":1,"minecraft:bone":2,"minecraft:apple":2,"minecraft:beef":5,"minecraft:furnace":1,"minecraft:stick":10,"minecraft:raw_iron":52,"minecraft:cooked_porkchop":2,"minecraft:gravel":3,"minecraft:porkchop":10,"minecraft:stone_sword":1,"minecraft:arrow":5,"minecraft:rotten_flesh":2,"minecraft:granite":4,"minecraft:oak_sapling":7,"minecraft:black_wool":1,"minecraft:mutton":3,"minecraft:coal":22,"minecraft:white_wool":3,"minecraft:cobblestone":182},"minecraft:broken":{"minecraft:stone_pickaxe":1},"minecraft:dropped":{"minecraft:stone_sword":1,"minecraft:cobblestone":8,"minecraft:cooked_mutton":3,"gravestone:obituary":2},"minecraft:killed":{"minecraft:pig":6,"minecraft:spider":1,"minecraft:sheep":3,"minecraft:skeleton":4,"minecraft:zombie":3,"animalium:piranha":1,"minecraft:cow":2},"minecraft:used":{"minecraft:stone_sword":68,"minecraft:stone_pickaxe":249,"minecraft:oak_planks":4,"minecraft:shield":36,"minecraft:wooden_pickaxe":11,"minecraft:dirt":9,"minecraft:crafting_table":6,"minecraft:apple":2,"minecraft:stone_axe":40,"minecraft:cobblestone":3,"minecraft:beef":2,"minecraft:furnace":2,"minecraft:cooked_porkchop":5,"minecraft:birch_log":1,"minecraft:andesite":13,"alexsmobs:animal_dictionary":1,"minecraft:cooked_beef":3},"minecraft:custom":{"minecraft:interact_with_furnace":21,"minecraft:mob_kills":20,"minecraft:interact_with_crafting_table":14,"minecraft:leave_game":4,"minecraft:time_since_death":2975,"minecraft:time_since_rest":3001,"minecraft:sprint_one_cm":90691,"minecraft:damage_taken":1432,"minecraft:walk_one_cm":111510,"minecraft:damage_blocked_by_shield":675,"minecraft:drop":6,"minecraft:damage_dealt":3600,"minecraft:swim_one_cm":65024,"minecraft:fly_one_cm":241613,"minecraft:crouch_one_cm":21177,"minecraft:play_time":47524,"minecraft:deaths":2,"minecraft:sneak_time":6968,"minecraft:walk_under_water_one_cm":8482,"minecraft:jump":869,"minecraft:walk_on_water_one_cm":18604,"minecraft:total_world_time":47524,"minecraft:fall_one_cm":23563},"minecraft:crafted":{"minecraft:oak_planks":16,"minecraft:cooked_porkchop":3,"minecraft:crafting_table":1,"minecraft:wooden_pickaxe":1,"minecraft:iron_helmet":1,"minecraft:furnace":2,"minecraft:birch_planks":8,"minecraft:stone_axe":1,"minecraft:cooked_mutton":3,"minecraft:air":0,"minecraft:stick":8,"minecraft:iron_ingot":6,"minecraft:stone_pickaxe":3,"minecraft:stone_sword":1}},"DataVersion":3465}